datetime_utc,symbol,oi_value,timestamp_ms
2025-09-13 00:50:50.903000+00:00,1INCH-USDT-SWAP,7712038.0,1757724650903
2025-09-13 00:50:50.898000+00:00,A-USDT-SWAP,11047950.0,1757724650898
2025-09-13 00:50:50.891000+00:00,AAVE-USDT-SWAP,140350.56000000008,1757724650891
2025-09-13 00:50:50.892000+00:00,ACE-USDT-SWAP,2711093.0,1757724650892
2025-09-13 00:50:50.894000+00:00,ACH-USDT-SWAP,86110500.0,1757724650894
2025-09-13 00:50:50.906000+00:00,ACT-USDT-SWAP,93988480.0,1757724650906
2025-09-13 00:50:50.890000+00:00,ADA-USDT-SWAP,89127540.00000003,1757724650890
2025-09-13 00:50:50.882000+00:00,AERO-USDT-SWAP,1801700.0,1757724650882
2025-09-13 00:50:50.928000+00:00,AEVO-USDT-SWAP,15240324.0,1757724650928
2025-09-13 00:50:50.901000+00:00,AGLD-USDT-SWAP,1972417.0,1757724650901
2025-09-13 00:50:51.777000+00:00,AI16Z-USDT-SWAP,52383504.0,1757724651777
2025-09-13 00:50:51.377000+00:00,AIXBT-USDT-SWAP,24211770.0,1757724651377
2025-09-13 00:50:51.358000+00:00,ALGO-USDT-SWAP,27963840.0,1757724651358
2025-09-13 00:50:51.369000+00:00,ANIME-USDT-SWAP,97952790.0,1757724651369
2025-09-13 00:50:51.359000+00:00,APE-USDT-SWAP,8930546.0,1757724651359
2025-09-13 00:50:51.370000+00:00,API3-USDT-SWAP,2700338.0,1757724651370
2025-09-13 00:50:51.361000+00:00,APT-USDT-SWAP,3676657.0,1757724651361
2025-09-13 00:50:51.370000+00:00,AR-USDT-SWAP,515203.5,1757724651370
2025-09-13 00:50:51.372000+00:00,ARB-USDT-SWAP,34448249.999999985,1757724651372
2025-09-13 00:50:52.217000+00:00,ARC-USDT-SWAP,71040520.0,1757724652217
2025-09-13 00:50:52.246000+00:00,ARKM-USDT-SWAP,4483320.0,1757724652246
2025-09-13 00:50:52.222000+00:00,ATH-USDT-SWAP,171875800.0,1757724652222
2025-09-13 00:50:52.220000+00:00,ATOM-USDT-SWAP,2012957.0,1757724652220
2025-09-13 00:50:52.235000+00:00,AUCTION-USDT-SWAP,224241.6,1757724652235
2025-09-13 00:50:52.211000+00:00,AVAAI-USDT-SWAP,77335270.0,1757724652211
2025-09-13 00:50:52.209000+00:00,AVAX-USDT-SWAP,2501716.4,1757724652209
2025-09-13 00:50:52.219000+00:00,AXS-USDT-SWAP,1204100.6,1757724652219
2025-09-13 00:50:52.238000+00:00,BABY-USDT-SWAP,38523830.0,1757724652238
2025-09-13 00:50:52.214000+00:00,BAND-USDT-SWAP,1478064.0,1757724652214
2025-09-13 00:50:52.681000+00:00,BAT-USDT-SWAP,5452080.0,1757724652681
2025-09-13 00:50:52.670000+00:00,BCH-USDT-SWAP,67680.44,1757724652670
2025-09-13 00:50:52.697000+00:00,BERA-USDT-SWAP,2428586.8,1757724652697
2025-09-13 00:50:52.686000+00:00,BICO-USDT-SWAP,7755057.0,1757724652686
2025-09-13 00:50:52.691000+00:00,BIGTIME-USDT-SWAP,40215880.0,1757724652691
2025-09-13 00:50:52.679000+00:00,BIO-USDT-SWAP,63465633.0,1757724652679
2025-09-13 00:50:52.684000+00:00,BLUR-USDT-SWAP,23897400.0,1757724652684
2025-09-13 00:50:52.672000+00:00,BNB-USDT-SWAP,96689.89,1757724652672
2025-09-13 00:50:52.684000+00:00,BNT-USDT-SWAP,709990.0,1757724652684
2025-09-13 00:50:52.680000+00:00,BOME-USDT-SWAP,1452705000.0,1757724652680
2025-09-13 00:50:53.124000+00:00,BONK-USDT-SWAP,628970900000.0,1757724653124
2025-09-13 00:50:53.130000+00:00,BRETT-USDT-SWAP,13471600.0,1757724653130
2025-09-13 00:50:53.151000+00:00,BTC-USDT-SWAP,27556.64540000005,1757724653151
2025-09-13 00:50:53.129000+00:00,CAT-USDT-SWAP,156733900000.0,1757724653129
2025-09-13 00:50:53.118000+00:00,CATI-USDT-SWAP,13853096.0,1757724653118
2025-09-13 00:50:53.119000+00:00,CELO-USDT-SWAP,5070472.0,1757724653119
2025-09-13 00:50:53.129000+00:00,CETUS-USDT-SWAP,21325040.0,1757724653129
2025-09-13 00:50:53.119000+00:00,CFX-USDT-SWAP,72014290.0,1757724653119
2025-09-13 00:50:53.144000+00:00,CHZ-USDT-SWAP,81277870.0,1757724653144
2025-09-13 00:50:53.130000+00:00,COMP-USDT-SWAP,77057.1,1757724653130
2025-09-13 00:50:53.566000+00:00,COOKIE-USDT-SWAP,4356600.0,1757724653566
2025-09-13 00:50:53.587000+00:00,CORE-USDT-SWAP,9925713.0,1757724653587
2025-09-13 00:50:53.587000+00:00,CRO-USDT-SWAP,60182100.0,1757724653587
2025-09-13 00:50:53.586000+00:00,CRV-USDT-SWAP,23613045.0,1757724653586
2025-09-13 00:50:53.576000+00:00,CTC-USDT-SWAP,1724490.0,1757724653576
2025-09-13 00:50:53.584000+00:00,CVC-USDT-SWAP,9133000.0,1757724653584
2025-09-13 00:50:53.576000+00:00,CVX-USDT-SWAP,346034.0,1757724653576
2025-09-13 00:50:53.573000+00:00,DEGEN-USDT-SWAP,292996400.0,1757724653573
2025-09-13 00:50:54.067000+00:00,DOGE-USDT-SWAP,1804380849.9999971,1757724654067
2025-09-13 00:50:54.028000+00:00,DOGS-USDT-SWAP,16926307000.0,1757724654028
2025-09-13 00:50:54.030000+00:00,DOOD-USDT-SWAP,232624000.0,1757724654030
2025-09-13 00:50:54.030000+00:00,DOT-USDT-SWAP,6317877.0,1757724654030
2025-09-13 00:50:54.071000+00:00,DUCK-USDT-SWAP,669631100.0,1757724654071
2025-09-13 00:50:54.026000+00:00,DYDX-USDT-SWAP,10485354.0,1757724654026
2025-09-13 00:50:54.027000+00:00,EGLD-USDT-SWAP,112241.4,1757724654027
2025-09-13 00:50:54.028000+00:00,EIGEN-USDT-SWAP,3807626.0,1757724654028
2025-09-13 00:50:54.067000+00:00,ENJ-USDT-SWAP,13460300.0,1757724654067
2025-09-13 00:50:54.027000+00:00,ENS-USDT-SWAP,336262.8,1757724654027
2025-09-13 00:50:54.521000+00:00,ETC-USDT-SWAP,1120815.1000000003,1757724654521
2025-09-13 00:50:54.544000+00:00,ETH-USDT-SWAP,762595.2790000018,1757724654544
2025-09-13 00:50:54.520000+00:00,ETHFI-USDT-SWAP,9659654.0,1757724654520
2025-09-13 00:50:54.547000+00:00,ETHW-USDT-SWAP,1188553.7,1757724654547
2025-09-13 00:50:54.521000+00:00,FARTCOIN-USDT-SWAP,20030779.0,1757724654521
2025-09-13 00:50:54.516000+00:00,FIL-USDT-SWAP,14566020.4,1757724654516
2025-09-13 00:50:54.522000+00:00,FLM-USDT-SWAP,35763890.0,1757724654522
2025-09-13 00:50:54.512000+00:00,FLOKI-USDT-SWAP,40372900000.0,1757724654512
2025-09-13 00:50:54.526000+00:00,FLOW-USDT-SWAP,4850870.0,1757724654526
2025-09-13 00:50:54.533000+00:00,FXS-USDT-SWAP,391263.0,1757724654533
2025-09-13 00:50:54.978000+00:00,GALA-USDT-SWAP,451803260.0,1757724654978
2025-09-13 00:50:54.974000+00:00,GAS-USDT-SWAP,378693.0,1757724654974
2025-09-13 00:50:54.987000+00:00,GLM-USDT-SWAP,2869820.0,1757724654987
2025-09-13 00:50:54.978000+00:00,GMT-USDT-SWAP,45890482.0,1757724654978
2025-09-13 00:50:54.984000+00:00,GMX-USDT-SWAP,61467.3,1757724654984
2025-09-13 00:50:54.980000+00:00,GOAT-USDT-SWAP,32909550.0,1757724654980
2025-09-13 00:50:54.992000+00:00,GODS-USDT-SWAP,6749147.0,1757724654992
2025-09-13 00:50:54.982000+00:00,GPS-USDT-SWAP,147290060.0,1757724654982
2025-09-13 00:50:54.996000+00:00,GRASS-USDT-SWAP,2890240.0,1757724654996
2025-09-13 00:50:54.978000+00:00,GRIFFAIN-USDT-SWAP,23163600.0,1757724654978
2025-09-13 00:50:55.409000+00:00,GRT-USDT-SWAP,25892060.0,1757724655409
2025-09-13 00:50:55.440000+00:00,H-USDT-SWAP,69432400.0,1757724655440
2025-09-13 00:50:55.572000+00:00,HBAR-USDT-SWAP,80277950.00000003,1757724655572
2025-09-13 00:50:55.476000+00:00,HMSTR-USDT-SWAP,1174976300.0,1757724655476
2025-09-13 00:50:55.429000+00:00,HOME-USDT-SWAP,19385200.0,1757724655429
2025-09-13 00:50:55.413000+00:00,HUMA-USDT-SWAP,72107300.0,1757724655413
2025-09-13 00:50:55.431000+00:00,HYPE-USDT-SWAP,1092820.5,1757724655431
2025-09-13 00:50:55.419000+00:00,ICP-USDT-SWAP,1505644.15,1757724655419
2025-09-13 00:50:55.424000+00:00,ICX-USDT-SWAP,5893670.0,1757724655424
2025-09-13 00:50:55.429000+00:00,IMX-USDT-SWAP,7663476.0,1757724655429
2025-09-13 00:50:56.023000+00:00,INIT-USDT-SWAP,3340070.0,1757724656023
2025-09-13 00:50:56.024000+00:00,INJ-USDT-SWAP,900003.8,1757724656024
2025-09-13 00:50:56.029000+00:00,IOST-USDT-SWAP,290385000.0,1757724656029
2025-09-13 00:50:56.021000+00:00,IOTA-USDT-SWAP,16142500.0,1757724656021
2025-09-13 00:50:56.037000+00:00,IP-USDT-SWAP,2358842.0,1757724656037
2025-09-13 00:50:56.025000+00:00,JELLYJELLY-USDT-SWAP,206820600.0,1757724656025
2025-09-13 00:50:56.020000+00:00,JOE-USDT-SWAP,6000930.0,1757724656020
2025-09-13 00:50:56.018000+00:00,JTO-USDT-SWAP,3882367.0,1757724656018
2025-09-13 00:50:56.029000+00:00,JUP-USDT-SWAP,16605780.0,1757724656029
2025-09-13 00:50:56.471000+00:00,KAITO-USDT-SWAP,4803851.0,1757724656471
2025-09-13 00:50:56.481000+00:00,KMNO-USDT-SWAP,31909200.0,1757724656481
2025-09-13 00:50:56.499000+00:00,KSM-USDT-SWAP,132590.8,1757724656499
2025-09-13 00:50:56.487000+00:00,LA-USDT-SWAP,2883200.0,1757724656487
2025-09-13 00:50:56.478000+00:00,LAUNCHCOIN-USDT-SWAP,50210860.0,1757724656478
2025-09-13 00:50:56.485000+00:00,LAYER-USDT-SWAP,6844803.0,1757724656485
2025-09-13 00:50:56.491000+00:00,LDO-USDT-SWAP,15023436.0,1757724656491
2025-09-13 00:50:56.490000+00:00,LINK-USDT-SWAP,2521262.8,1757724656490
2025-09-13 00:50:56.491000+00:00,LPT-USDT-SWAP,750614.7,1757724656491
2025-09-13 00:50:56.484000+00:00,LQTY-USDT-SWAP,1526038.0,1757724656484
2025-09-13 00:50:56.938000+00:00,LRC-USDT-SWAP,18292750.0,1757724656938
2025-09-13 00:50:56.937000+00:00,LTC-USDT-SWAP,700940.0999999997,1757724656937
2025-09-13 00:50:56.961000+00:00,LUNA-USDT-SWAP,15408265.0,1757724656961
2025-09-13 00:50:56.951000+00:00,LUNC-USDT-SWAP,28507250000.0,1757724656951
2025-09-13 00:50:56.941000+00:00,MAGIC-USDT-SWAP,20828842.0,1757724656941
2025-09-13 00:50:56.940000+00:00,MAJOR-USDT-SWAP,4656229.0,1757724656940
2025-09-13 00:50:56.963000+00:00,MANA-USDT-SWAP,10594200.0,1757724656963
2025-09-13 00:50:56.947000+00:00,MASK-USDT-SWAP,3021670.0,1757724656947
2025-09-13 00:50:56.951000+00:00,ME-USDT-SWAP,3656998.0,1757724656951
2025-09-13 00:50:56.942000+00:00,MEME-USDT-SWAP,1783370700.0,1757724656942
2025-09-13 00:50:57.381000+00:00,MERL-USDT-SWAP,45310394.0,1757724657381
2025-09-13 00:50:57.394000+00:00,METIS-USDT-SWAP,104993.0,1757724657394
2025-09-13 00:50:57.404000+00:00,MEW-USDT-SWAP,1039593000.0,1757724657404
2025-09-13 00:50:57.403000+00:00,MINA-USDT-SWAP,7867132.0,1757724657403
2025-09-13 00:50:57.424000+00:00,MOG-USDT-SWAP,678149000000.0,1757724657424
2025-09-13 00:50:57.525000+00:00,MOODENG-USDT-SWAP,79025810.0,1757724657525
2025-09-13 00:50:57.386000+00:00,MORPHO-USDT-SWAP,1573027.0,1757724657386
2025-09-13 00:50:57.391000+00:00,MOVE-USDT-SWAP,25812550.0,1757724657391
2025-09-13 00:50:57.384000+00:00,MUBARAK-USDT-SWAP,12358700.0,1757724657384
2025-09-13 00:50:57.982000+00:00,NEAR-USDT-SWAP,5381997.999999999,1757724657982
2025-09-13 00:50:57.947000+00:00,NEIRO-USDT-SWAP,10261777000.0,1757724657947
2025-09-13 00:50:57.945000+00:00,NEO-USDT-SWAP,354294.0,1757724657945
2025-09-13 00:50:57.949000+00:00,NEWT-USDT-SWAP,2750020.0,1757724657949
2025-09-13 00:50:57.988000+00:00,NMR-USDT-SWAP,463842.4,1757724657988
2025-09-13 00:50:58.019000+00:00,NOT-USDT-SWAP,1625890100.0,1757724658019
2025-09-13 00:50:57.959000+00:00,NXPC-USDT-SWAP,1039868.0,1757724657959
2025-09-13 00:50:57.947000+00:00,OL-USDT-SWAP,85973110.0,1757724657947
2025-09-13 00:50:57.951000+00:00,OM-USDT-SWAP,23269040.000000004,1757724657951
2025-09-13 00:50:58.440000+00:00,ONDO-USDT-SWAP,23599150.0,1757724658440
2025-09-13 00:50:58.444000+00:00,ONE-USDT-SWAP,87569100.0,1757724658444
2025-09-13 00:50:58.474000+00:00,ONT-USDT-SWAP,10630510.0,1757724658474
2025-09-13 00:50:58.453000+00:00,OP-USDT-SWAP,25057091.0,1757724658453
2025-09-13 00:50:58.443000+00:00,ORBS-USDT-SWAP,28809100.0,1757724658443
2025-09-13 00:50:58.442000+00:00,ORDI-USDT-SWAP,1323612.3,1757724658442
2025-09-13 00:50:58.441000+00:00,PARTI-USDT-SWAP,15149220.0,1757724658441
2025-09-13 00:50:58.436000+00:00,PENGU-USDT-SWAP,688358100.0,1757724658436
2025-09-13 00:50:58.450000+00:00,PEOPLE-USDT-SWAP,354798000.0,1757724658450
2025-09-13 00:50:58.442000+00:00,PEPE-USDT-SWAP,7543821000000.001,1757724658442
2025-09-13 00:50:58.897000+00:00,PERP-USDT-SWAP,3312288.0,1757724658897
2025-09-13 00:50:58.896000+00:00,PI-USDT-SWAP,34444316.0,1757724658896
2025-09-13 00:50:58.907000+00:00,PLUME-USDT-SWAP,19466970.0,1757724658907
2025-09-13 00:50:58.896000+00:00,PNUT-USDT-SWAP,41355550.0,1757724658896
2025-09-13 00:50:58.910000+00:00,POL-USDT-SWAP,37392600.0,1757724658910
2025-09-13 00:50:58.908000+00:00,POPCAT-USDT-SWAP,10338750.0,1757724658908
2025-09-13 00:50:58.918000+00:00,PRCL-USDT-SWAP,18473826.0,1757724658918
2025-09-13 00:50:58.940000+00:00,PROMPT-USDT-SWAP,35421710.0,1757724658940
2025-09-13 00:50:58.901000+00:00,PUMP-USDT-SWAP,6515533000.0,1757724658901
2025-09-13 00:50:58.902000+00:00,PYTH-USDT-SWAP,48654460.0,1757724658902
2025-09-13 00:50:59.373000+00:00,QTUM-USDT-SWAP,1207173.0,1757724659373
2025-09-13 00:50:59.528000+00:00,RAY-USDT-SWAP,1053762.0,1757724659528
2025-09-13 00:50:59.385000+00:00,RENDER-USDT-SWAP,1356788.0,1757724659385
2025-09-13 00:50:59.357000+00:00,RESOLV-USDT-SWAP,24016850.0,1757724659357
2025-09-13 00:50:59.377000+00:00,RSR-USDT-SWAP,261049600.0,1757724659377
2025-09-13 00:50:59.398000+00:00,RVN-USDT-SWAP,73777720.0,1757724659398
2025-09-13 00:50:59.522000+00:00,S-USDT-SWAP,10984100.0,1757724659522
2025-09-13 00:50:59.366000+00:00,SAHARA-USDT-SWAP,41647880.0,1757724659366
2025-09-13 00:50:59.374000+00:00,SAND-USDT-SWAP,18133000.0,1757724659374
2025-09-13 00:50:59.361000+00:00,SATS-USDT-SWAP,211884350000000.0,1757724659361
2025-09-13 00:51:00.134000+00:00,SCR-USDT-SWAP,2846543.0,1757724660134
2025-09-13 00:50:59.956000+00:00,SHELL-USDT-SWAP,5589210.0,1757724659956
2025-09-13 00:50:59.962000+00:00,SHIB-USDT-SWAP,1814835000000.0,1757724659962
2025-09-13 00:50:59.943000+00:00,SIGN-USDT-SWAP,44248800.0,1757724659943
2025-09-13 00:50:59.987000+00:00,SLP-USDT-SWAP,435684400.0,1757724659987
2025-09-13 00:50:59.948000+00:00,SNX-USDT-SWAP,2535015.0,1757724659948
2025-09-13 00:50:59.979000+00:00,SOL-USDT-SWAP,3645839.180000003,1757724659979
2025-09-13 00:50:59.949000+00:00,SOLV-USDT-SWAP,58149900.0,1757724659949
2025-09-13 00:50:59.954000+00:00,SONIC-USDT-SWAP,8499567.0,1757724659954
2025-09-13 00:50:59.946000+00:00,SOON-USDT-SWAP,8395100.0,1757724659946
2025-09-13 00:51:00.591000+00:00,SOPH-USDT-SWAP,79395100.0,1757724660591
2025-09-13 00:51:00.675000+00:00,SPK-USDT-SWAP,113957300.0,1757724660675
2025-09-13 00:51:00.587000+00:00,SPX-USDT-SWAP,1062411.0,1757724660587
2025-09-13 00:51:00.572000+00:00,SSV-USDT-SWAP,303911.7,1757724660572
2025-09-13 00:51:00.578000+00:00,STORJ-USDT-SWAP,5564330.0,1757724660578
2025-09-13 00:51:00.574000+00:00,STRK-USDT-SWAP,23619945.0,1757724660574
2025-09-13 00:51:00.600000+00:00,STX-USDT-SWAP,6866556.999999999,1757724660600
2025-09-13 00:51:00.581000+00:00,SUI-USDT-SWAP,20459670.0,1757724660581
2025-09-13 00:51:00.570000+00:00,SUSHI-USDT-SWAP,8427982.0,1757724660570
2025-09-13 00:51:00.566000+00:00,SWARMS-USDT-SWAP,91675920.0,1757724660566
2025-09-13 00:51:01.100000+00:00,SYRUP-USDT-SWAP,2823230.0,1757724661100
2025-09-13 00:51:01.168000+00:00,T-USDT-SWAP,43806200.0,1757724661168
2025-09-13 00:51:01.112000+00:00,TAO-USDT-SWAP,14062.32,1757724661112
2025-09-13 00:51:01.118000+00:00,THETA-USDT-SWAP,3036422.0000000005,1757724661118
2025-09-13 00:51:01.111000+00:00,TIA-USDT-SWAP,5325426.0,1757724661111
2025-09-13 00:51:01.097000+00:00,TNSR-USDT-SWAP,8338561.0,1757724661097
2025-09-13 00:51:01.103000+00:00,TON-USDT-SWAP,9097625.0,1757724661103
2025-09-13 00:51:01.106000+00:00,TRB-USDT-SWAP,266560.8,1757724661106
2025-09-13 00:51:01.107000+00:00,TREE-USDT-SWAP,6975370.0,1757724661107
2025-09-13 00:51:01.098000+00:00,TRUMP-USDT-SWAP,5199326.9,1757724661098
2025-09-13 00:51:01.588000+00:00,TRX-USDT-SWAP,93464680.00000006,1757724661588
2025-09-13 00:51:01.610000+00:00,TURBO-USDT-SWAP,963998000.0000002,1757724661610
2025-09-13 00:51:01.606000+00:00,UMA-USDT-SWAP,1470491.7,1757724661606
2025-09-13 00:51:01.596000+00:00,UNI-USDT-SWAP,3521576.0,1757724661596
2025-09-13 00:51:01.592000+00:00,USDC-USDT-SWAP,1070400.0,1757724661592
2025-09-13 00:51:01.596000+00:00,USELESS-USDT-SWAP,10669760.0,1757724661596
2025-09-13 00:51:01.601000+00:00,USTC-USDT-SWAP,112974300.0,1757724661601
2025-09-13 00:51:01.602000+00:00,UXLINK-USDT-SWAP,6519870.0,1757724661602
2025-09-13 00:51:01.601000+00:00,VANA-USDT-SWAP,144681.2,1757724661601
2025-09-13 00:51:01.615000+00:00,VINE-USDT-SWAP,107759160.0,1757724661615
2025-09-13 00:51:02.036000+00:00,VIRTUAL-USDT-SWAP,3616893.0,1757724662036
2025-09-13 00:51:02.044000+00:00,W-USDT-SWAP,52757529.0,1757724662044
2025-09-13 00:51:02.050000+00:00,WAL-USDT-SWAP,2395780.0,1757724662050
2025-09-13 00:51:02.064000+00:00,WCT-USDT-SWAP,9371410.0,1757724662064
2025-09-13 00:51:02.070000+00:00,WIF-USDT-SWAP,16852999.0,1757724662070
2025-09-13 00:51:02.058000+00:00,WLD-USDT-SWAP,33865635.0,1757724662058
2025-09-13 00:51:02.052000+00:00,WLFI-USDT-SWAP,262156790.0,1757724662052
2025-09-13 00:51:02.045000+00:00,WOO-USDT-SWAP,21591290.0,1757724662045
2025-09-13 00:51:02.044000+00:00,XAUT-USDT-SWAP,4874.81,1757724662044
2025-09-13 00:51:02.515000+00:00,XLM-USDT-SWAP,43863540.000000015,1757724662515
2025-09-13 00:51:02.519000+00:00,XPL-USDT-SWAP,7160030.0,1757724662519
2025-09-13 00:51:02.507000+00:00,XRP-USDT-SWAP,92346049.99999997,1757724662507
2025-09-13 00:51:02.518000+00:00,XTZ-USDT-SWAP,4988806.0,1757724662518
2025-09-13 00:51:02.549000+00:00,YFI-USDT-SWAP,376.7608,1757724662549
2025-09-13 00:51:02.646000+00:00,YGG-USDT-SWAP,50965962.0,1757724662646
2025-09-13 00:51:02.517000+00:00,ZENT-USDT-SWAP,165498700.0,1757724662517
2025-09-13 00:51:02.513000+00:00,ZETA-USDT-SWAP,5422940.0,1757724662513
2025-09-13 00:51:02.520000+00:00,ZIL-USDT-SWAP,174226300.0,1757724662520
2025-09-13 00:51:03.067000+00:00,ZK-USDT-SWAP,49293900.0,1757724663067
2025-09-13 00:51:03.087000+00:00,ZRO-USDT-SWAP,1741177.0,1757724663087
2025-09-13 00:51:03.076000+00:00,ZRX-USDT-SWAP,7667860.0,1757724663076
2025-09-13 00:52:03.841000+00:00,1INCH-USDT-SWAP,7704511.0,1757724723841
2025-09-13 00:52:03.821000+00:00,A-USDT-SWAP,11045040.0,1757724723821
2025-09-13 00:52:03.819000+00:00,AAVE-USDT-SWAP,140319.48000000007,1757724723819
2025-09-13 00:52:03.861000+00:00,ACE-USDT-SWAP,2723963.0,1757724723861
2025-09-13 00:52:03.860000+00:00,ACH-USDT-SWAP,86055900.0,1757724723860
2025-09-13 00:52:03.849000+00:00,ACT-USDT-SWAP,94046853.0,1757724723849
2025-09-13 00:52:03.833000+00:00,ADA-USDT-SWAP,89107840.00000004,1757724723833
2025-09-13 00:52:03.829000+00:00,AERO-USDT-SWAP,1802220.0,1757724723829
2025-09-13 00:52:03.840000+00:00,AEVO-USDT-SWAP,15293028.0,1757724723840
2025-09-13 00:52:03.834000+00:00,AGLD-USDT-SWAP,1974464.0,1757724723834
2025-09-13 00:52:04.409000+00:00,AI16Z-USDT-SWAP,52386637.0,1757724724409
2025-09-13 00:52:04.301000+00:00,AIXBT-USDT-SWAP,24197360.0,1757724724301
2025-09-13 00:52:04.312000+00:00,ALGO-USDT-SWAP,27901420.0,1757724724312
2025-09-13 00:52:04.309000+00:00,ANIME-USDT-SWAP,97952760.0,1757724724309
2025-09-13 00:52:04.322000+00:00,APE-USDT-SWAP,8930897.7,1757724724322
2025-09-13 00:52:04.307000+00:00,API3-USDT-SWAP,2689494.0,1757724724307
2025-09-13 00:52:04.316000+00:00,APT-USDT-SWAP,3678355.0,1757724724316
2025-09-13 00:52:04.303000+00:00,AR-USDT-SWAP,515182.3,1757724724303
2025-09-13 00:52:04.318000+00:00,ARB-USDT-SWAP,34447746.999999985,1757724724318
2025-09-13 00:52:04.864000+00:00,ARC-USDT-SWAP,71209170.0,1757724724864
2025-09-13 00:52:04.852000+00:00,ARKM-USDT-SWAP,4484432.0,1757724724852
2025-09-13 00:52:04.839000+00:00,ATH-USDT-SWAP,171531100.0,1757724724839
2025-09-13 00:52:04.834000+00:00,ATOM-USDT-SWAP,2014437.0,1757724724834
2025-09-13 00:52:04.831000+00:00,AUCTION-USDT-SWAP,223774.2,1757724724831
2025-09-13 00:52:04.838000+00:00,AVAAI-USDT-SWAP,77294040.0,1757724724838
2025-09-13 00:52:04.834000+00:00,AVAX-USDT-SWAP,2501326.5999999996,1757724724834
2025-09-13 00:52:04.829000+00:00,AXS-USDT-SWAP,1203974.6,1757724724829
2025-09-13 00:52:04.851000+00:00,BABY-USDT-SWAP,38545580.0,1757724724851
2025-09-13 00:52:04.836000+00:00,BAND-USDT-SWAP,1477940.0,1757724724836
2025-09-13 00:52:05.290000+00:00,BAT-USDT-SWAP,5452850.0,1757724725290
2025-09-13 00:52:05.287000+00:00,BCH-USDT-SWAP,67687.73999999999,1757724725287
2025-09-13 00:52:05.298000+00:00,BERA-USDT-SWAP,2427039.7,1757724725298
2025-09-13 00:52:05.305000+00:00,BICO-USDT-SWAP,7754840.0,1757724725305
2025-09-13 00:52:05.283000+00:00,BIGTIME-USDT-SWAP,40131960.0,1757724725283
2025-09-13 00:52:05.293000+00:00,BIO-USDT-SWAP,63687534.0,1757724725293
2025-09-13 00:52:05.298000+00:00,BLUR-USDT-SWAP,23897190.0,1757724725298
2025-09-13 00:52:05.308000+00:00,BNB-USDT-SWAP,96687.86,1757724725308
2025-09-13 00:52:05.295000+00:00,BNT-USDT-SWAP,710640.0,1757724725295
2025-09-13 00:52:05.291000+00:00,BOME-USDT-SWAP,1452001000.0,1757724725291
2025-09-13 00:52:05.743000+00:00,BONK-USDT-SWAP,629016900000.0,1757724725743
2025-09-13 00:52:05.749000+00:00,BRETT-USDT-SWAP,13471000.0,1757724725749
2025-09-13 00:52:05.751000+00:00,BTC-USDT-SWAP,27559.792500000054,1757724725751
2025-09-13 00:52:05.751000+00:00,CAT-USDT-SWAP,156707200000.0,1757724725751
2025-09-13 00:52:05.740000+00:00,CATI-USDT-SWAP,13853383.0,1757724725740
2025-09-13 00:52:05.745000+00:00,CELO-USDT-SWAP,5070724.0,1757724725745
2025-09-13 00:52:05.754000+00:00,CETUS-USDT-SWAP,21325910.0,1757724725754
2025-09-13 00:52:05.736000+00:00,CFX-USDT-SWAP,71869150.0,1757724725736
2025-09-13 00:52:05.759000+00:00,CHZ-USDT-SWAP,81275490.0,1757724725759
2025-09-13 00:52:05.763000+00:00,COMP-USDT-SWAP,76786.1,1757724725763
2025-09-13 00:52:06.217000+00:00,COOKIE-USDT-SWAP,4355740.0,1757724726217
2025-09-13 00:52:06.195000+00:00,CORE-USDT-SWAP,9925119.0,1757724726195
2025-09-13 00:52:06.192000+00:00,CRO-USDT-SWAP,60180820.0,1757724726192
2025-09-13 00:52:06.219000+00:00,CRV-USDT-SWAP,23602792.0,1757724726219
2025-09-13 00:52:06.190000+00:00,CTC-USDT-SWAP,1697630.0,1757724726190
2025-09-13 00:52:06.236000+00:00,CVC-USDT-SWAP,9132900.0,1757724726236
2025-09-13 00:52:06.191000+00:00,CVX-USDT-SWAP,346015.0,1757724726191
2025-09-13 00:52:06.330000+00:00,DEGEN-USDT-SWAP,294559300.0,1757724726330
2025-09-13 00:52:06.753000+00:00,DOGE-USDT-SWAP,1804342269.9999971,1757724726753
2025-09-13 00:52:06.763000+00:00,DOGS-USDT-SWAP,16926987000.0,1757724726763
2025-09-13 00:52:06.752000+00:00,DOOD-USDT-SWAP,232520000.0,1757724726752
2025-09-13 00:52:06.756000+00:00,DOT-USDT-SWAP,6317121.0,1757724726756
2025-09-13 00:52:06.746000+00:00,DUCK-USDT-SWAP,668712600.0,1757724726746
2025-09-13 00:52:06.763000+00:00,DYDX-USDT-SWAP,10483410.0,1757724726763
2025-09-13 00:52:06.752000+00:00,EGLD-USDT-SWAP,112421.0,1757724726752
2025-09-13 00:52:06.769000+00:00,EIGEN-USDT-SWAP,3810095.0,1757724726769
2025-09-13 00:52:06.754000+00:00,ENJ-USDT-SWAP,13463450.0,1757724726754
2025-09-13 00:52:06.765000+00:00,ENS-USDT-SWAP,336112.0,1757724726765
2025-09-13 00:52:07.198000+00:00,ETC-USDT-SWAP,1120197.6000000003,1757724727198
2025-09-13 00:52:07.194000+00:00,ETH-USDT-SWAP,763303.3090000018,1757724727194
2025-09-13 00:52:07.202000+00:00,ETHFI-USDT-SWAP,9645973.0,1757724727202
2025-09-13 00:52:07.252000+00:00,ETHW-USDT-SWAP,1189129.5,1757724727252
2025-09-13 00:52:07.563000+00:00,FARTCOIN-USDT-SWAP,20026078.0,1757724727563
2025-09-13 00:52:07.201000+00:00,FIL-USDT-SWAP,14568617.8,1757724727201
2025-09-13 00:52:07.197000+00:00,FLM-USDT-SWAP,35731630.0,1757724727197
2025-09-13 00:52:07.193000+00:00,FLOKI-USDT-SWAP,40373100000.0,1757724727193
2025-09-13 00:52:07.211000+00:00,FLOW-USDT-SWAP,4859020.0,1757724727211
2025-09-13 00:52:07.198000+00:00,FXS-USDT-SWAP,392167.0,1757724727198
2025-09-13 00:52:08.400000+00:00,GALA-USDT-SWAP,451694290.0,1757724728400
2025-09-13 00:52:07.989000+00:00,GAS-USDT-SWAP,378973.0,1757724727989
2025-09-13 00:52:07.998000+00:00,GLM-USDT-SWAP,2869820.0,1757724727998
2025-09-13 00:52:08.003000+00:00,GMT-USDT-SWAP,45891775.0,1757724728003
2025-09-13 00:52:07.992000+00:00,GMX-USDT-SWAP,61862.8,1757724727992
2025-09-13 00:52:08.020000+00:00,GOAT-USDT-SWAP,32856800.0,1757724728020
2025-09-13 00:52:07.987000+00:00,GODS-USDT-SWAP,6748123.0,1757724727987
2025-09-13 00:52:07.994000+00:00,GPS-USDT-SWAP,147469010.0,1757724727994
2025-09-13 00:52:08.111000+00:00,GRASS-USDT-SWAP,2889644.0,1757724728111
2025-09-13 00:52:07.999000+00:00,GRIFFAIN-USDT-SWAP,23140070.0,1757724727999
2025-09-13 00:52:08.844000+00:00,GRT-USDT-SWAP,25889920.0,1757724728844
2025-09-13 00:52:08.838000+00:00,H-USDT-SWAP,69875900.0,1757724728838
2025-09-13 00:52:09.246000+00:00,HBAR-USDT-SWAP,80271080.00000003,1757724729246
2025-09-13 00:52:08.844000+00:00,HMSTR-USDT-SWAP,1172673200.0,1757724728844
2025-09-13 00:52:08.968000+00:00,HOME-USDT-SWAP,19387400.0,1757724728968
2025-09-13 00:52:08.838000+00:00,HUMA-USDT-SWAP,72127200.0,1757724728838
2025-09-13 00:52:08.863000+00:00,HYPE-USDT-SWAP,1096233.5,1757724728863
2025-09-13 00:52:08.843000+00:00,ICP-USDT-SWAP,1506930.97,1757724728843
2025-09-13 00:52:08.861000+00:00,ICX-USDT-SWAP,5893190.0,1757724728861
2025-09-13 00:52:08.845000+00:00,IMX-USDT-SWAP,7674192.0,1757724728845
2025-09-13 00:52:09.687000+00:00,INIT-USDT-SWAP,3339850.0,1757724729687
2025-09-13 00:52:09.697000+00:00,INJ-USDT-SWAP,900068.4,1757724729697
2025-09-13 00:52:09.699000+00:00,IOST-USDT-SWAP,290385000.0,1757724729699
2025-09-13 00:52:09.693000+00:00,IOTA-USDT-SWAP,16143130.0,1757724729693
2025-09-13 00:52:09.684000+00:00,IP-USDT-SWAP,2358346.0,1757724729684
2025-09-13 00:52:09.685000+00:00,JELLYJELLY-USDT-SWAP,206562100.0,1757724729685
2025-09-13 00:52:09.682000+00:00,JOE-USDT-SWAP,6000930.0,1757724729682
2025-09-13 00:52:09.704000+00:00,JTO-USDT-SWAP,3885966.0,1757724729704
2025-09-13 00:52:09.697000+00:00,JUP-USDT-SWAP,16590800.0,1757724729697
2025-09-13 00:52:10.149000+00:00,KAITO-USDT-SWAP,4821817.0,1757724730149
2025-09-13 00:52:10.124000+00:00,KMNO-USDT-SWAP,31919400.0,1757724730124
2025-09-13 00:52:10.139000+00:00,KSM-USDT-SWAP,132582.8,1757724730139
2025-09-13 00:52:10.134000+00:00,LA-USDT-SWAP,2877080.0,1757724730134
2025-09-13 00:52:10.127000+00:00,LAUNCHCOIN-USDT-SWAP,50196370.0,1757724730127
2025-09-13 00:52:10.129000+00:00,LAYER-USDT-SWAP,6845026.0,1757724730129
2025-09-13 00:52:10.148000+00:00,LDO-USDT-SWAP,15033808.0,1757724730148
2025-09-13 00:52:10.148000+00:00,LINK-USDT-SWAP,2521738.9,1757724730148
2025-09-13 00:52:10.131000+00:00,LPT-USDT-SWAP,750486.3,1757724730131
2025-09-13 00:52:10.214000+00:00,LQTY-USDT-SWAP,1525963.0,1757724730214
2025-09-13 00:52:10.629000+00:00,LRC-USDT-SWAP,18291010.0,1757724730629
2025-09-13 00:52:10.639000+00:00,LTC-USDT-SWAP,700998.3999999998,1757724730639
2025-09-13 00:52:10.651000+00:00,LUNA-USDT-SWAP,15398889.0,1757724730651
2025-09-13 00:52:10.638000+00:00,LUNC-USDT-SWAP,28507210000.0,1757724730638
2025-09-13 00:52:10.637000+00:00,MAGIC-USDT-SWAP,20842937.0,1757724730637
2025-09-13 00:52:10.640000+00:00,MAJOR-USDT-SWAP,4656229.0,1757724730640
2025-09-13 00:52:10.645000+00:00,MANA-USDT-SWAP,10594770.0,1757724730645
2025-09-13 00:52:10.631000+00:00,MASK-USDT-SWAP,3022327.0,1757724730631
2025-09-13 00:52:10.638000+00:00,ME-USDT-SWAP,3656742.0,1757724730638
2025-09-13 00:52:10.658000+00:00,MEME-USDT-SWAP,1780614800.0,1757724730658
2025-09-13 00:52:11.083000+00:00,MERL-USDT-SWAP,45227662.0,1757724731083
2025-09-13 00:52:11.086000+00:00,METIS-USDT-SWAP,104996.2,1757724731086
2025-09-13 00:52:11.092000+00:00,MEW-USDT-SWAP,1039661000.0,1757724731092
2025-09-13 00:52:11.111000+00:00,MINA-USDT-SWAP,7867139.0,1757724731111
2025-09-13 00:52:11.091000+00:00,MOG-USDT-SWAP,677752000000.0,1757724731091
2025-09-13 00:52:11.085000+00:00,MOODENG-USDT-SWAP,79014800.0,1757724731085
2025-09-13 00:52:11.084000+00:00,MORPHO-USDT-SWAP,1573378.0,1757724731084
2025-09-13 00:52:11.112000+00:00,MOVE-USDT-SWAP,25792570.0,1757724731112
2025-09-13 00:52:11.097000+00:00,MUBARAK-USDT-SWAP,12355000.0,1757724731097
2025-09-13 00:52:11.550000+00:00,NEAR-USDT-SWAP,5382049.999999999,1757724731550
2025-09-13 00:52:11.530000+00:00,NEIRO-USDT-SWAP,10263419000.0,1757724731530
2025-09-13 00:52:11.543000+00:00,NEO-USDT-SWAP,354396.0,1757724731543
2025-09-13 00:52:11.580000+00:00,NEWT-USDT-SWAP,2750630.0,1757724731580
2025-09-13 00:52:11.547000+00:00,NMR-USDT-SWAP,463615.5,1757724731547
2025-09-13 00:52:11.570000+00:00,NOT-USDT-SWAP,1625958900.0,1757724731570
2025-09-13 00:52:11.528000+00:00,NXPC-USDT-SWAP,1045692.0,1757724731528
2025-09-13 00:52:11.970000+00:00,OL-USDT-SWAP,85969490.0,1757724731970
2025-09-13 00:52:11.543000+00:00,OM-USDT-SWAP,23276744.000000004,1757724731543
2025-09-13 00:52:12.408000+00:00,ONDO-USDT-SWAP,23591090.0,1757724732408
2025-09-13 00:52:12.421000+00:00,ONE-USDT-SWAP,87631900.0,1757724732421
2025-09-13 00:52:12.415000+00:00,ONT-USDT-SWAP,10599780.0,1757724732415
2025-09-13 00:52:12.420000+00:00,OP-USDT-SWAP,25058134.0,1757724732420
2025-09-13 00:52:12.422000+00:00,ORBS-USDT-SWAP,28809200.0,1757724732422
2025-09-13 00:52:12.424000+00:00,ORDI-USDT-SWAP,1323417.1,1757724732424
2025-09-13 00:52:12.419000+00:00,PARTI-USDT-SWAP,15149350.0,1757724732419
2025-09-13 00:52:12.414000+00:00,PENGU-USDT-SWAP,687996100.0,1757724732414
2025-09-13 00:52:12.429000+00:00,PEOPLE-USDT-SWAP,354851900.0,1757724732429
2025-09-13 00:52:12.428000+00:00,PEPE-USDT-SWAP,7535999000000.001,1757724732428
2025-09-13 00:52:12.849000+00:00,PERP-USDT-SWAP,3312094.0,1757724732849
2025-09-13 00:52:12.847000+00:00,PI-USDT-SWAP,34487784.0,1757724732847
2025-09-13 00:52:12.865000+00:00,PLUME-USDT-SWAP,19465250.0,1757724732865
2025-09-13 00:52:12.863000+00:00,PNUT-USDT-SWAP,41321280.0,1757724732863
2025-09-13 00:52:12.881000+00:00,POL-USDT-SWAP,37395440.0,1757724732881
2025-09-13 00:52:12.870000+00:00,POPCAT-USDT-SWAP,10336690.0,1757724732870
2025-09-13 00:52:12.860000+00:00,PRCL-USDT-SWAP,18473302.0,1757724732860
2025-09-13 00:52:13+00:00,PROMPT-USDT-SWAP,35249540.0,1757724733000
2025-09-13 00:52:12.867000+00:00,PUMP-USDT-SWAP,6508212000.0,1757724732867
2025-09-13 00:52:12.864000+00:00,PYTH-USDT-SWAP,48539240.0,1757724732864
2025-09-13 00:52:13.449000+00:00,QTUM-USDT-SWAP,1204261.0,1757724733449
2025-09-13 00:52:13.424000+00:00,RAY-USDT-SWAP,1052246.0,1757724733424
2025-09-13 00:52:13.453000+00:00,RENDER-USDT-SWAP,1357239.0,1757724733453
2025-09-13 00:52:13.437000+00:00,RESOLV-USDT-SWAP,23985710.0,1757724733437
2025-09-13 00:52:13.427000+00:00,RSR-USDT-SWAP,261016900.0,1757724733427
2025-09-13 00:52:13.434000+00:00,RVN-USDT-SWAP,73777740.0,1757724733434
2025-09-13 00:52:13.437000+00:00,S-USDT-SWAP,10994830.0,1757724733437
2025-09-13 00:52:13.438000+00:00,SAHARA-USDT-SWAP,41635080.0,1757724733438
2025-09-13 00:52:13.437000+00:00,SAND-USDT-SWAP,18130200.0,1757724733437
2025-09-13 00:52:13.434000+00:00,SATS-USDT-SWAP,211953170000000.0,1757724733434
2025-09-13 00:52:13.893000+00:00,SCR-USDT-SWAP,2848009.0,1757724733893
2025-09-13 00:52:13.893000+00:00,SHELL-USDT-SWAP,5589140.0,1757724733893
2025-09-13 00:52:13.911000+00:00,SHIB-USDT-SWAP,1814646100000.0,1757724733911
2025-09-13 00:52:13.903000+00:00,SIGN-USDT-SWAP,44247000.0,1757724733903
2025-09-13 00:52:13.896000+00:00,SLP-USDT-SWAP,435399140.0,1757724733896
2025-09-13 00:52:13.907000+00:00,SNX-USDT-SWAP,2534513.0,1757724733907
2025-09-13 00:52:13.898000+00:00,SOL-USDT-SWAP,3646341.6800000025,1757724733898
2025-09-13 00:52:13.910000+00:00,SOLV-USDT-SWAP,58161500.0,1757724733910
2025-09-13 00:52:13.911000+00:00,SONIC-USDT-SWAP,8498772.0,1757724733911
2025-09-13 00:52:13.908000+00:00,SOON-USDT-SWAP,8360770.0,1757724733908
2025-09-13 00:52:14.389000+00:00,SOPH-USDT-SWAP,78657500.0,1757724734389
2025-09-13 00:52:14.401000+00:00,SPK-USDT-SWAP,113930400.0,1757724734401
2025-09-13 00:52:14.427000+00:00,SPX-USDT-SWAP,1062440.0,1757724734427
2025-09-13 00:52:14.401000+00:00,SSV-USDT-SWAP,304426.5,1757724734401
2025-09-13 00:52:14.411000+00:00,STORJ-USDT-SWAP,5564440.0,1757724734411
2025-09-13 00:52:14.402000+00:00,STRK-USDT-SWAP,23620208.0,1757724734402
2025-09-13 00:52:14.393000+00:00,STX-USDT-SWAP,6868206.999999999,1757724734393
2025-09-13 00:52:14.388000+00:00,SUI-USDT-SWAP,20450684.0,1757724734388
2025-09-13 00:52:14.405000+00:00,SUSHI-USDT-SWAP,8428347.0,1757724734405
2025-09-13 00:52:14.418000+00:00,SWARMS-USDT-SWAP,91807990.0,1757724734418
2025-09-13 00:52:14.860000+00:00,SYRUP-USDT-SWAP,2782960.0,1757724734860
2025-09-13 00:52:14.857000+00:00,T-USDT-SWAP,43806200.0,1757724734857
2025-09-13 00:52:14.875000+00:00,TAO-USDT-SWAP,14056.5,1757724734875
2025-09-13 00:52:14.869000+00:00,THETA-USDT-SWAP,3035788.0000000005,1757724734869
2025-09-13 00:52:14.891000+00:00,TIA-USDT-SWAP,5326564.0,1757724734891
2025-09-13 00:52:14.860000+00:00,TNSR-USDT-SWAP,8338815.0,1757724734860
2025-09-13 00:52:14.858000+00:00,TON-USDT-SWAP,9091443.0,1757724734858
2025-09-13 00:52:14.855000+00:00,TRB-USDT-SWAP,266565.7,1757724734855
2025-09-13 00:52:14.865000+00:00,TREE-USDT-SWAP,6975370.0,1757724734865
2025-09-13 00:52:14.865000+00:00,TRUMP-USDT-SWAP,5204180.0,1757724734865
2025-09-13 00:52:15.340000+00:00,TRX-USDT-SWAP,93486950.00000006,1757724735340
2025-09-13 00:52:15.348000+00:00,TURBO-USDT-SWAP,961807000.0000002,1757724735348
2025-09-13 00:52:15.334000+00:00,UMA-USDT-SWAP,1471040.5,1757724735334
2025-09-13 00:52:15.341000+00:00,UNI-USDT-SWAP,3521656.0,1757724735341
2025-09-13 00:52:15.330000+00:00,USDC-USDT-SWAP,1070400.0,1757724735330
2025-09-13 00:52:15.329000+00:00,USELESS-USDT-SWAP,10665920.0,1757724735329
2025-09-13 00:52:15.328000+00:00,USTC-USDT-SWAP,112937200.0,1757724735328
2025-09-13 00:52:15.355000+00:00,UXLINK-USDT-SWAP,6520630.0,1757724735355
2025-09-13 00:52:15.332000+00:00,VANA-USDT-SWAP,144682.2,1757724735332
2025-09-13 00:52:15.341000+00:00,VINE-USDT-SWAP,107804230.0,1757724735341
2025-09-13 00:52:15.778000+00:00,VIRTUAL-USDT-SWAP,3615585.0,1757724735778
2025-09-13 00:52:15.787000+00:00,W-USDT-SWAP,52774188.0,1757724735787
2025-09-13 00:52:15.801000+00:00,WAL-USDT-SWAP,2395940.0,1757724735801
2025-09-13 00:52:15.790000+00:00,WCT-USDT-SWAP,9370770.0,1757724735790
2025-09-13 00:52:15.787000+00:00,WIF-USDT-SWAP,16856588.0,1757724735787
2025-09-13 00:52:15.822000+00:00,WLD-USDT-SWAP,33881522.0,1757724735822
2025-09-13 00:52:15.871000+00:00,WLFI-USDT-SWAP,262160510.0,1757724735871
2025-09-13 00:52:15.779000+00:00,WOO-USDT-SWAP,21592450.0,1757724735779
2025-09-13 00:52:15.791000+00:00,XAUT-USDT-SWAP,4874.788,1757724735791
2025-09-13 00:52:16.292000+00:00,XLM-USDT-SWAP,43893550.00000001,1757724736292
2025-09-13 00:52:16.311000+00:00,XPL-USDT-SWAP,7158680.0,1757724736311
2025-09-13 00:52:16.297000+00:00,XRP-USDT-SWAP,92277691.99999996,1757724736297
2025-09-13 00:52:16.443000+00:00,XTZ-USDT-SWAP,4989403.0,1757724736443
2025-09-13 00:52:16.293000+00:00,YFI-USDT-SWAP,376.7602,1757724736293
2025-09-13 00:52:16.303000+00:00,YGG-USDT-SWAP,51014003.0,1757724736303
2025-09-13 00:52:16.303000+00:00,ZENT-USDT-SWAP,165429900.0,1757724736303
2025-09-13 00:52:16.301000+00:00,ZETA-USDT-SWAP,5422720.0,1757724736301
2025-09-13 00:52:16.308000+00:00,ZIL-USDT-SWAP,174196500.0,1757724736308
2025-09-13 00:52:16.866000+00:00,ZK-USDT-SWAP,49423840.0,1757724736866
2025-09-13 00:52:16.866000+00:00,ZRO-USDT-SWAP,1745310.0,1757724736866
2025-09-13 00:52:16.889000+00:00,ZRX-USDT-SWAP,7667640.0,1757724736889
2025-09-13 00:53:17.624000+00:00,1INCH-USDT-SWAP,7703728.0,1757724797624
2025-09-13 00:53:17.634000+00:00,A-USDT-SWAP,11048520.0,1757724797634
2025-09-13 00:53:17.626000+00:00,AAVE-USDT-SWAP,140317.45000000007,1757724797626
2025-09-13 00:53:17.621000+00:00,ACE-USDT-SWAP,2714734.0,1757724797621
2025-09-13 00:53:17.627000+00:00,ACH-USDT-SWAP,86088400.0,1757724797627
2025-09-13 00:53:17.628000+00:00,ACT-USDT-SWAP,94053400.0,1757724797628
2025-09-13 00:53:17.638000+00:00,ADA-USDT-SWAP,89036680.00000003,1757724797638
2025-09-13 00:53:17.638000+00:00,AERO-USDT-SWAP,1802120.0,1757724797638
2025-09-13 00:53:17.662000+00:00,AEVO-USDT-SWAP,15291862.0,1757724797662
2025-09-13 00:53:17.618000+00:00,AGLD-USDT-SWAP,1976219.0,1757724797618
2025-09-13 00:53:18.087000+00:00,AI16Z-USDT-SWAP,52500190.0,1757724798087
2025-09-13 00:53:18.081000+00:00,AIXBT-USDT-SWAP,24206240.0,1757724798081
2025-09-13 00:53:18.089000+00:00,ALGO-USDT-SWAP,27919470.0,1757724798089
2025-09-13 00:53:18.078000+00:00,ANIME-USDT-SWAP,97953530.0,1757724798078
2025-09-13 00:53:18.087000+00:00,APE-USDT-SWAP,8929786.3,1757724798087
2025-09-13 00:53:18.089000+00:00,API3-USDT-SWAP,2689486.0,1757724798089
2025-09-13 00:53:18.093000+00:00,APT-USDT-SWAP,3678296.0,1757724798093
2025-09-13 00:53:18.097000+00:00,AR-USDT-SWAP,515101.0,1757724798097
2025-09-13 00:53:18.092000+00:00,ARB-USDT-SWAP,34441106.999999985,1757724798092
2025-09-13 00:53:18.521000+00:00,ARC-USDT-SWAP,71173710.0,1757724798521
2025-09-13 00:53:18.517000+00:00,ARKM-USDT-SWAP,4483833.0,1757724798517
2025-09-13 00:53:18.514000+00:00,ATH-USDT-SWAP,171259400.0,1757724798514
2025-09-13 00:53:18.535000+00:00,ATOM-USDT-SWAP,2014444.0,1757724798535
2025-09-13 00:53:18.510000+00:00,AUCTION-USDT-SWAP,223501.9,1757724798510
2025-09-13 00:53:18.532000+00:00,AVAAI-USDT-SWAP,77275620.0,1757724798532
2025-09-13 00:53:18.527000+00:00,AVAX-USDT-SWAP,2500656.5999999996,1757724798527
2025-09-13 00:53:18.512000+00:00,AXS-USDT-SWAP,1204668.1,1757724798512
2025-09-13 00:53:18.522000+00:00,BABY-USDT-SWAP,38352280.0,1757724798522
2025-09-13 00:53:18.518000+00:00,BAND-USDT-SWAP,1477665.0,1757724798518
2025-09-13 00:53:18.948000+00:00,BAT-USDT-SWAP,5452810.0,1757724798948
2025-09-13 00:53:18.948000+00:00,BCH-USDT-SWAP,67687.28,1757724798948
2025-09-13 00:53:18.960000+00:00,BERA-USDT-SWAP,2427174.4,1757724798960
2025-09-13 00:53:18.963000+00:00,BICO-USDT-SWAP,7754354.0,1757724798963
2025-09-13 00:53:18.949000+00:00,BIGTIME-USDT-SWAP,40113240.0,1757724798949
2025-09-13 00:53:18.955000+00:00,BIO-USDT-SWAP,63676570.0,1757724798955
2025-09-13 00:53:18.967000+00:00,BLUR-USDT-SWAP,23897200.0,1757724798967
2025-09-13 00:53:18.962000+00:00,BNB-USDT-SWAP,96734.23,1757724798962
2025-09-13 00:53:18.959000+00:00,BNT-USDT-SWAP,711210.0,1757724798959
2025-09-13 00:53:18.967000+00:00,BOME-USDT-SWAP,1451585000.0,1757724798967
2025-09-13 00:53:19.393000+00:00,BONK-USDT-SWAP,629137700000.0,1757724799393
2025-09-13 00:53:19.397000+00:00,BRETT-USDT-SWAP,13492100.0,1757724799397
2025-09-13 00:53:19.402000+00:00,BTC-USDT-SWAP,27563.642500000053,1757724799402
2025-09-13 00:53:19.395000+00:00,CAT-USDT-SWAP,156662300000.0,1757724799395
2025-09-13 00:53:19.440000+00:00,CATI-USDT-SWAP,13855858.0,1757724799440
2025-09-13 00:53:19.474000+00:00,CELO-USDT-SWAP,5064803.0,1757724799474
2025-09-13 00:53:19.397000+00:00,CETUS-USDT-SWAP,21357330.0,1757724799397
2025-09-13 00:53:19.415000+00:00,CFX-USDT-SWAP,71865420.0,1757724799415
2025-09-13 00:53:19.401000+00:00,CHZ-USDT-SWAP,81275180.0,1757724799401
2025-09-13 00:53:19.424000+00:00,COMP-USDT-SWAP,76618.8,1757724799424
2025-09-13 00:53:19.904000+00:00,COOKIE-USDT-SWAP,4370580.0,1757724799904
2025-09-13 00:53:19.906000+00:00,CORE-USDT-SWAP,9925969.0,1757724799906
2025-09-13 00:53:19.914000+00:00,CRO-USDT-SWAP,60178060.0,1757724799914
2025-09-13 00:53:19.912000+00:00,CRV-USDT-SWAP,23622271.0,1757724799912
2025-09-13 00:53:19.920000+00:00,CTC-USDT-SWAP,1696510.0,1757724799920
2025-09-13 00:53:19.909000+00:00,CVC-USDT-SWAP,9132500.0,1757724799909
2025-09-13 00:53:19.902000+00:00,CVX-USDT-SWAP,346237.0,1757724799902
2025-09-13 00:53:19.909000+00:00,DEGEN-USDT-SWAP,294660700.0,1757724799909
2025-09-13 00:53:20.362000+00:00,DOGE-USDT-SWAP,1804256139.999997,1757724800362
2025-09-13 00:53:20.346000+00:00,DOGS-USDT-SWAP,16925865000.0,1757724800346
2025-09-13 00:53:20.348000+00:00,DOOD-USDT-SWAP,232412000.0,1757724800348
2025-09-13 00:53:20.354000+00:00,DOT-USDT-SWAP,6319402.0,1757724800354
2025-09-13 00:53:20.351000+00:00,DUCK-USDT-SWAP,668433700.0,1757724800351
2025-09-13 00:53:20.353000+00:00,DYDX-USDT-SWAP,10481785.0,1757724800353
2025-09-13 00:53:20.342000+00:00,EGLD-USDT-SWAP,112389.6,1757724800342
2025-09-13 00:53:20.340000+00:00,EIGEN-USDT-SWAP,3811513.0,1757724800340
2025-09-13 00:53:20.345000+00:00,ENJ-USDT-SWAP,13463630.0,1757724800345
2025-09-13 00:53:20.358000+00:00,ENS-USDT-SWAP,336041.0,1757724800358
2025-09-13 00:53:20.779000+00:00,ETC-USDT-SWAP,1120757.8000000003,1757724800779
2025-09-13 00:53:20.780000+00:00,ETH-USDT-SWAP,763877.0750000018,1757724800780
2025-09-13 00:53:20.791000+00:00,ETHFI-USDT-SWAP,9644237.0,1757724800791
2025-09-13 00:53:20.788000+00:00,ETHW-USDT-SWAP,1188842.2,1757724800788
2025-09-13 00:53:20.783000+00:00,FARTCOIN-USDT-SWAP,20077389.0,1757724800783
2025-09-13 00:53:20.782000+00:00,FIL-USDT-SWAP,14569114.1,1757724800782
2025-09-13 00:53:20.788000+00:00,FLM-USDT-SWAP,35733090.0,1757724800788
2025-09-13 00:53:20.792000+00:00,FLOKI-USDT-SWAP,40359500000.0,1757724800792
2025-09-13 00:53:20.799000+00:00,FLOW-USDT-SWAP,4859640.0,1757724800799
2025-09-13 00:53:20.800000+00:00,FXS-USDT-SWAP,392142.0,1757724800800
2025-09-13 00:53:21.218000+00:00,GALA-USDT-SWAP,451726370.0,1757724801218
2025-09-13 00:53:21.225000+00:00,GAS-USDT-SWAP,378962.0,1757724801225
2025-09-13 00:53:21.249000+00:00,GLM-USDT-SWAP,2869820.0,1757724801249
2025-09-13 00:53:21.240000+00:00,GMT-USDT-SWAP,45891959.0,1757724801240
2025-09-13 00:53:21.250000+00:00,GMX-USDT-SWAP,62008.6,1757724801250
2025-09-13 00:53:21.252000+00:00,GOAT-USDT-SWAP,32864350.0,1757724801252
2025-09-13 00:53:21.244000+00:00,GODS-USDT-SWAP,6737112.0,1757724801244
2025-09-13 00:53:21.231000+00:00,GPS-USDT-SWAP,147491100.0,1757724801231
2025-09-13 00:53:21.230000+00:00,GRASS-USDT-SWAP,2889238.0,1757724801230
2025-09-13 00:53:21.228000+00:00,GRIFFAIN-USDT-SWAP,23138670.0,1757724801228
2025-09-13 00:53:21.686000+00:00,GRT-USDT-SWAP,25889840.0,1757724801686
2025-09-13 00:53:21.692000+00:00,H-USDT-SWAP,70069300.0,1757724801692
2025-09-13 00:53:21.688000+00:00,HBAR-USDT-SWAP,80266950.00000003,1757724801688
2025-09-13 00:53:21.701000+00:00,HMSTR-USDT-SWAP,1172575100.0,1757724801701
2025-09-13 00:53:21.700000+00:00,HOME-USDT-SWAP,19387400.0,1757724801700
2025-09-13 00:53:21.725000+00:00,HUMA-USDT-SWAP,72032700.0,1757724801725
2025-09-13 00:53:21.696000+00:00,HYPE-USDT-SWAP,1096905.8,1757724801696
2025-09-13 00:53:21.689000+00:00,ICP-USDT-SWAP,1506901.02,1757724801689
2025-09-13 00:53:21.688000+00:00,ICX-USDT-SWAP,5894850.0,1757724801688
2025-09-13 00:53:21.694000+00:00,IMX-USDT-SWAP,7655629.0,1757724801694
2025-09-13 00:53:22.149000+00:00,INIT-USDT-SWAP,3339620.0,1757724802149
2025-09-13 00:53:22.151000+00:00,INJ-USDT-SWAP,899994.7,1757724802151
2025-09-13 00:53:22.154000+00:00,IOST-USDT-SWAP,290385000.0,1757724802154
2025-09-13 00:53:22.154000+00:00,IOTA-USDT-SWAP,16140630.0,1757724802154
2025-09-13 00:53:22.160000+00:00,IP-USDT-SWAP,2358102.0,1757724802160
2025-09-13 00:53:22.174000+00:00,JELLYJELLY-USDT-SWAP,206524900.0,1757724802174
2025-09-13 00:53:22.154000+00:00,JOE-USDT-SWAP,5999170.0,1757724802154
2025-09-13 00:53:22.147000+00:00,JTO-USDT-SWAP,3886836.0,1757724802147
2025-09-13 00:53:22.176000+00:00,JUP-USDT-SWAP,16585850.0,1757724802176
2025-09-13 00:53:22.609000+00:00,KAITO-USDT-SWAP,4824823.0,1757724802609
2025-09-13 00:53:22.610000+00:00,KMNO-USDT-SWAP,31931400.0,1757724802610
2025-09-13 00:53:22.598000+00:00,KSM-USDT-SWAP,132573.1,1757724802598
2025-09-13 00:53:22.613000+00:00,LA-USDT-SWAP,2876880.0,1757724802613
2025-09-13 00:53:22.608000+00:00,LAUNCHCOIN-USDT-SWAP,50217460.0,1757724802608
2025-09-13 00:53:22.605000+00:00,LAYER-USDT-SWAP,6844892.0,1757724802605
2025-09-13 00:53:22.608000+00:00,LDO-USDT-SWAP,15029548.0,1757724802608
2025-09-13 00:53:22.604000+00:00,LINK-USDT-SWAP,2521451.5999999996,1757724802604
2025-09-13 00:53:22.623000+00:00,LPT-USDT-SWAP,750495.2,1757724802623
2025-09-13 00:53:22.604000+00:00,LQTY-USDT-SWAP,1526023.0,1757724802604
2025-09-13 00:53:23.051000+00:00,LRC-USDT-SWAP,18289430.0,1757724803051
2025-09-13 00:53:23.052000+00:00,LTC-USDT-SWAP,701011.0999999999,1757724803052
2025-09-13 00:53:23.061000+00:00,LUNA-USDT-SWAP,15397533.0,1757724803061
2025-09-13 00:53:23.066000+00:00,LUNC-USDT-SWAP,28507210000.0,1757724803066
2025-09-13 00:53:23.067000+00:00,MAGIC-USDT-SWAP,20842852.0,1757724803067
2025-09-13 00:53:23.065000+00:00,MAJOR-USDT-SWAP,4656277.0,1757724803065
2025-09-13 00:53:23.067000+00:00,MANA-USDT-SWAP,10594180.0,1757724803067
2025-09-13 00:53:23.067000+00:00,MASK-USDT-SWAP,3022301.0,1757724803067
2025-09-13 00:53:23.061000+00:00,ME-USDT-SWAP,3656648.0,1757724803061
2025-09-13 00:53:23.063000+00:00,MEME-USDT-SWAP,1785550600.0,1757724803063
2025-09-13 00:53:23.549000+00:00,MERL-USDT-SWAP,45264573.0,1757724803549
2025-09-13 00:53:23.566000+00:00,METIS-USDT-SWAP,104957.8,1757724803566
2025-09-13 00:53:23.560000+00:00,MEW-USDT-SWAP,1039496000.0,1757724803560
2025-09-13 00:53:23.554000+00:00,MINA-USDT-SWAP,7864132.0,1757724803554
2025-09-13 00:53:23.561000+00:00,MOG-USDT-SWAP,677750000000.0,1757724803561
2025-09-13 00:53:23.580000+00:00,MOODENG-USDT-SWAP,78886450.0,1757724803580
2025-09-13 00:53:23.560000+00:00,MORPHO-USDT-SWAP,1573152.0,1757724803560
2025-09-13 00:53:23.553000+00:00,MOVE-USDT-SWAP,25791320.0,1757724803553
2025-09-13 00:53:23.556000+00:00,MUBARAK-USDT-SWAP,12395200.0,1757724803556
2025-09-13 00:53:24.001000+00:00,NEAR-USDT-SWAP,5382126.999999999,1757724804001
2025-09-13 00:53:24.013000+00:00,NEIRO-USDT-SWAP,10307114000.0,1757724804013
2025-09-13 00:53:24.007000+00:00,NEO-USDT-SWAP,354316.0,1757724804007
2025-09-13 00:53:24+00:00,NEWT-USDT-SWAP,2750630.0,1757724804000
2025-09-13 00:53:24.043000+00:00,NMR-USDT-SWAP,463292.0,1757724804043
2025-09-13 00:53:24.008000+00:00,NOT-USDT-SWAP,1624418300.0,1757724804008
2025-09-13 00:53:24.009000+00:00,NXPC-USDT-SWAP,1050570.0,1757724804009
2025-09-13 00:53:24.015000+00:00,OL-USDT-SWAP,85957720.0,1757724804015
2025-09-13 00:53:24.009000+00:00,OM-USDT-SWAP,23276894.0,1757724804009
2025-09-13 00:53:24.462000+00:00,ONDO-USDT-SWAP,23596180.0,1757724804462
2025-09-13 00:53:24.485000+00:00,ONE-USDT-SWAP,87623100.0,1757724804485
2025-09-13 00:53:24.469000+00:00,ONT-USDT-SWAP,10599780.0,1757724804469
2025-09-13 00:53:24.469000+00:00,OP-USDT-SWAP,25053626.0,1757724804469
2025-09-13 00:53:24.468000+00:00,ORBS-USDT-SWAP,28825400.0,1757724804468
2025-09-13 00:53:24.462000+00:00,ORDI-USDT-SWAP,1323546.0,1757724804462
2025-09-13 00:53:24.470000+00:00,PARTI-USDT-SWAP,15143680.0,1757724804470
2025-09-13 00:53:24.469000+00:00,PENGU-USDT-SWAP,687919800.0,1757724804469
2025-09-13 00:53:24.469000+00:00,PEOPLE-USDT-SWAP,354869100.0,1757724804469
2025-09-13 00:53:24.470000+00:00,PEPE-USDT-SWAP,7544487000000.001,1757724804470
2025-09-13 00:53:24.947000+00:00,PERP-USDT-SWAP,3311855.0,1757724804947
2025-09-13 00:53:24.927000+00:00,PI-USDT-SWAP,34515121.0,1757724804927
2025-09-13 00:53:24.927000+00:00,PLUME-USDT-SWAP,19455800.0,1757724804927
2025-09-13 00:53:24.920000+00:00,PNUT-USDT-SWAP,41422270.0,1757724804920
2025-09-13 00:53:24.923000+00:00,POL-USDT-SWAP,37395390.0,1757724804923
2025-09-13 00:53:24.910000+00:00,POPCAT-USDT-SWAP,10343570.0,1757724804910
2025-09-13 00:53:24.924000+00:00,PRCL-USDT-SWAP,18479768.0,1757724804924
2025-09-13 00:53:24.924000+00:00,PROMPT-USDT-SWAP,35239460.0,1757724804924
2025-09-13 00:53:24.912000+00:00,PUMP-USDT-SWAP,6509200000.0,1757724804912
2025-09-13 00:53:24.911000+00:00,PYTH-USDT-SWAP,48529600.0,1757724804911
2025-09-13 00:53:25.399000+00:00,QTUM-USDT-SWAP,1204518.0,1757724805399
2025-09-13 00:53:25.393000+00:00,RAY-USDT-SWAP,1052164.0,1757724805393
2025-09-13 00:53:25.390000+00:00,RENDER-USDT-SWAP,1357292.0,1757724805390
2025-09-13 00:53:25.404000+00:00,RESOLV-USDT-SWAP,23988270.0,1757724805404
2025-09-13 00:53:25.385000+00:00,RSR-USDT-SWAP,261201500.0,1757724805385
2025-09-13 00:53:25.399000+00:00,RVN-USDT-SWAP,73753660.0,1757724805399
2025-09-13 00:53:25.403000+00:00,S-USDT-SWAP,10994500.0,1757724805403
2025-09-13 00:53:25.412000+00:00,SAHARA-USDT-SWAP,41633100.0,1757724805412
2025-09-13 00:53:25.397000+00:00,SAND-USDT-SWAP,18128520.0,1757724805397
2025-09-13 00:53:25.388000+00:00,SATS-USDT-SWAP,211977530000000.0,1757724805388
2025-09-13 00:53:25.842000+00:00,SCR-USDT-SWAP,2848337.0,1757724805842
2025-09-13 00:53:25.840000+00:00,SHELL-USDT-SWAP,5603270.0,1757724805840
2025-09-13 00:53:25.839000+00:00,SHIB-USDT-SWAP,1813304300000.0,1757724805839
2025-09-13 00:53:25.842000+00:00,SIGN-USDT-SWAP,44247000.0,1757724805842
2025-09-13 00:53:25.838000+00:00,SLP-USDT-SWAP,435368150.0,1757724805838
2025-09-13 00:53:25.843000+00:00,SNX-USDT-SWAP,2533950.0,1757724805843
2025-09-13 00:53:25.831000+00:00,SOL-USDT-SWAP,3646525.730000003,1757724805831
2025-09-13 00:53:25.834000+00:00,SOLV-USDT-SWAP,58161000.0,1757724805834
2025-09-13 00:53:25.844000+00:00,SONIC-USDT-SWAP,8498649.0,1757724805844
2025-09-13 00:53:25.845000+00:00,SOON-USDT-SWAP,8359350.0,1757724805845
2025-09-13 00:53:26.297000+00:00,SOPH-USDT-SWAP,78650100.0,1757724806297
2025-09-13 00:53:26.268000+00:00,SPK-USDT-SWAP,113920500.0,1757724806268
2025-09-13 00:53:26.281000+00:00,SPX-USDT-SWAP,1062647.0,1757724806281
2025-09-13 00:53:26.281000+00:00,SSV-USDT-SWAP,304255.6,1757724806281
2025-09-13 00:53:26.275000+00:00,STORJ-USDT-SWAP,5564480.0,1757724806275
2025-09-13 00:53:26.283000+00:00,STRK-USDT-SWAP,23614538.0,1757724806283
2025-09-13 00:53:26.281000+00:00,STX-USDT-SWAP,6869895.999999999,1757724806281
2025-09-13 00:53:26.289000+00:00,SUI-USDT-SWAP,20462623.0,1757724806289
2025-09-13 00:53:26.340000+00:00,SUSHI-USDT-SWAP,8427346.0,1757724806340
2025-09-13 00:53:26.281000+00:00,SWARMS-USDT-SWAP,91753580.0,1757724806281
2025-09-13 00:53:26.765000+00:00,SYRUP-USDT-SWAP,2784140.0,1757724806765
2025-09-13 00:53:26.784000+00:00,T-USDT-SWAP,43806600.0,1757724806784
2025-09-13 00:53:26.764000+00:00,TAO-USDT-SWAP,14056.71,1757724806764
2025-09-13 00:53:26.787000+00:00,THETA-USDT-SWAP,3033972.0000000005,1757724806787
2025-09-13 00:53:26.785000+00:00,TIA-USDT-SWAP,5321740.0,1757724806785
2025-09-13 00:53:26.769000+00:00,TNSR-USDT-SWAP,8337956.0,1757724806769
2025-09-13 00:53:26.771000+00:00,TON-USDT-SWAP,9090716.0,1757724806771
2025-09-13 00:53:26.767000+00:00,TRB-USDT-SWAP,266571.6,1757724806767
2025-09-13 00:53:26.774000+00:00,TREE-USDT-SWAP,6974766.0,1757724806774
2025-09-13 00:53:26.782000+00:00,TRUMP-USDT-SWAP,5205422.3,1757724806782
2025-09-13 00:53:27.224000+00:00,TRX-USDT-SWAP,93522130.00000006,1757724807224
2025-09-13 00:53:27.253000+00:00,TURBO-USDT-SWAP,962788000.0000002,1757724807253
2025-09-13 00:53:27.242000+00:00,UMA-USDT-SWAP,1470982.8,1757724807242
2025-09-13 00:53:27.238000+00:00,UNI-USDT-SWAP,3523270.0,1757724807238
2025-09-13 00:53:27.232000+00:00,USDC-USDT-SWAP,1070390.0,1757724807232
2025-09-13 00:53:27.231000+00:00,USELESS-USDT-SWAP,10669410.0,1757724807231
2025-09-13 00:53:27.345000+00:00,USTC-USDT-SWAP,113194400.0,1757724807345
2025-09-13 00:53:27.258000+00:00,UXLINK-USDT-SWAP,6520570.0,1757724807258
2025-09-13 00:53:27.233000+00:00,VANA-USDT-SWAP,144682.1,1757724807233
2025-09-13 00:53:27.227000+00:00,VINE-USDT-SWAP,107841740.0,1757724807227
2025-09-13 00:53:27.773000+00:00,VIRTUAL-USDT-SWAP,3616388.0,1757724807773
2025-09-13 00:53:27.779000+00:00,W-USDT-SWAP,52771245.0,1757724807779
2025-09-13 00:53:27.767000+00:00,WAL-USDT-SWAP,2395920.0,1757724807767
2025-09-13 00:53:27.769000+00:00,WCT-USDT-SWAP,9369110.0,1757724807769
2025-09-13 00:53:27.796000+00:00,WIF-USDT-SWAP,16854218.0,1757724807796
2025-09-13 00:53:27.772000+00:00,WLD-USDT-SWAP,33841848.0,1757724807772
2025-09-13 00:53:27.769000+00:00,WLFI-USDT-SWAP,262145800.0,1757724807769
2025-09-13 00:53:27.774000+00:00,WOO-USDT-SWAP,21592300.0,1757724807774
2025-09-13 00:53:27.777000+00:00,XAUT-USDT-SWAP,4875.873,1757724807777
2025-09-13 00:53:28.221000+00:00,XLM-USDT-SWAP,43889400.000000015,1757724808221
2025-09-13 00:53:28.227000+00:00,XPL-USDT-SWAP,7157520.0,1757724808227
2025-09-13 00:53:28.227000+00:00,XRP-USDT-SWAP,92272276.99999996,1757724808227
2025-09-13 00:53:28.223000+00:00,XTZ-USDT-SWAP,4988943.0,1757724808223
2025-09-13 00:53:28.237000+00:00,YFI-USDT-SWAP,376.6939,1757724808237
2025-09-13 00:53:28.239000+00:00,YGG-USDT-SWAP,51198766.0,1757724808239
2025-09-13 00:53:28.225000+00:00,ZENT-USDT-SWAP,164872600.0,1757724808225
2025-09-13 00:53:28.236000+00:00,ZETA-USDT-SWAP,5423060.0,1757724808236
2025-09-13 00:53:28.230000+00:00,ZIL-USDT-SWAP,174192700.0,1757724808230
2025-09-13 00:53:28.683000+00:00,ZK-USDT-SWAP,49444500.0,1757724808683
2025-09-13 00:53:28.659000+00:00,ZRO-USDT-SWAP,1745174.0,1757724808659
2025-09-13 00:53:28.664000+00:00,ZRX-USDT-SWAP,7665540.0,1757724808664
2025-09-13 00:54:29.458000+00:00,1INCH-USDT-SWAP,7704628.0,1757724869458
2025-09-13 00:54:29.482000+00:00,A-USDT-SWAP,11047060.0,1757724869482
2025-09-13 00:54:29.449000+00:00,AAVE-USDT-SWAP,140301.27000000005,1757724869449
2025-09-13 00:54:29.466000+00:00,ACE-USDT-SWAP,2706740.0,1757724869466
2025-09-13 00:54:29.472000+00:00,ACH-USDT-SWAP,86051600.0,1757724869472
2025-09-13 00:54:29.485000+00:00,ACT-USDT-SWAP,94018874.0,1757724869485
2025-09-13 00:54:29.474000+00:00,ADA-USDT-SWAP,89030550.00000003,1757724869474
2025-09-13 00:54:29.472000+00:00,AERO-USDT-SWAP,1802200.0,1757724869472
2025-09-13 00:54:29.493000+00:00,AEVO-USDT-SWAP,15289795.0,1757724869493
2025-09-13 00:54:29.470000+00:00,AGLD-USDT-SWAP,1976561.0,1757724869470
2025-09-13 00:54:29.927000+00:00,AI16Z-USDT-SWAP,52448597.0,1757724869927
2025-09-13 00:54:29.928000+00:00,AIXBT-USDT-SWAP,24210000.0,1757724869928
2025-09-13 00:54:29.981000+00:00,ALGO-USDT-SWAP,27909110.0,1757724869981
2025-09-13 00:54:29.923000+00:00,ANIME-USDT-SWAP,97974140.0,1757724869923
2025-09-13 00:54:29.922000+00:00,APE-USDT-SWAP,8928690.7,1757724869922
2025-09-13 00:54:29.932000+00:00,API3-USDT-SWAP,2689146.0,1757724869932
2025-09-13 00:54:29.921000+00:00,APT-USDT-SWAP,3678180.0,1757724869921
2025-09-13 00:54:29.942000+00:00,AR-USDT-SWAP,515065.2,1757724869942
2025-09-13 00:54:29.927000+00:00,ARB-USDT-SWAP,34421226.999999985,1757724869927
2025-09-13 00:54:30.397000+00:00,ARC-USDT-SWAP,71164710.0,1757724870397
2025-09-13 00:54:30.445000+00:00,ARKM-USDT-SWAP,4483543.0,1757724870445
2025-09-13 00:54:30.400000+00:00,ATH-USDT-SWAP,171295200.0,1757724870400
2025-09-13 00:54:30.416000+00:00,ATOM-USDT-SWAP,2025832.0,1757724870416
2025-09-13 00:54:30.408000+00:00,AUCTION-USDT-SWAP,223512.7,1757724870408
2025-09-13 00:54:30.401000+00:00,AVAAI-USDT-SWAP,77357650.0,1757724870401
2025-09-13 00:54:30.419000+00:00,AVAX-USDT-SWAP,2500109.9,1757724870419
2025-09-13 00:54:30.414000+00:00,AXS-USDT-SWAP,1204662.6,1757724870414
2025-09-13 00:54:30.409000+00:00,BABY-USDT-SWAP,38403940.0,1757724870409
2025-09-13 00:54:30.417000+00:00,BAND-USDT-SWAP,1476944.0,1757724870417
2025-09-13 00:54:30.870000+00:00,BAT-USDT-SWAP,5452500.0,1757724870870
2025-09-13 00:54:30.876000+00:00,BCH-USDT-SWAP,67641.20999999999,1757724870876
2025-09-13 00:54:30.881000+00:00,BERA-USDT-SWAP,2427335.6,1757724870881
2025-09-13 00:54:30.876000+00:00,BICO-USDT-SWAP,7754364.0,1757724870876
2025-09-13 00:54:30.877000+00:00,BIGTIME-USDT-SWAP,40156430.0,1757724870877
2025-09-13 00:54:30.877000+00:00,BIO-USDT-SWAP,63725352.0,1757724870877
2025-09-13 00:54:30.898000+00:00,BLUR-USDT-SWAP,23897190.0,1757724870898
2025-09-13 00:54:30.896000+00:00,BNB-USDT-SWAP,96737.96,1757724870896
2025-09-13 00:54:31.032000+00:00,BNT-USDT-SWAP,711150.0,1757724871032
2025-09-13 00:54:30.906000+00:00,BOME-USDT-SWAP,1451278000.0,1757724870906
2025-09-13 00:54:31.445000+00:00,BONK-USDT-SWAP,629249200000.0,1757724871445
2025-09-13 00:54:31.451000+00:00,BRETT-USDT-SWAP,13495900.0,1757724871451
2025-09-13 00:54:31.455000+00:00,BTC-USDT-SWAP,27565.165700000056,1757724871455
2025-09-13 00:54:31.459000+00:00,CAT-USDT-SWAP,156651000000.0,1757724871459
2025-09-13 00:54:31.467000+00:00,CATI-USDT-SWAP,13861963.0,1757724871467
2025-09-13 00:54:31.463000+00:00,CELO-USDT-SWAP,5064683.0,1757724871463
2025-09-13 00:54:31.457000+00:00,CETUS-USDT-SWAP,21302390.0,1757724871457
2025-09-13 00:54:31.466000+00:00,CFX-USDT-SWAP,71863740.0,1757724871466
2025-09-13 00:54:31.462000+00:00,CHZ-USDT-SWAP,81273830.0,1757724871462
2025-09-13 00:54:31.462000+00:00,COMP-USDT-SWAP,76397.1,1757724871462
2025-09-13 00:54:31.914000+00:00,COOKIE-USDT-SWAP,4370310.0,1757724871914
2025-09-13 00:54:31.930000+00:00,CORE-USDT-SWAP,9926450.0,1757724871930
2025-09-13 00:54:31.930000+00:00,CRO-USDT-SWAP,60178430.0,1757724871930
2025-09-13 00:54:31.925000+00:00,CRV-USDT-SWAP,23615112.0,1757724871925
2025-09-13 00:54:31.924000+00:00,CTC-USDT-SWAP,1696510.0,1757724871924
2025-09-13 00:54:31.945000+00:00,CVC-USDT-SWAP,9132500.0,1757724871945
2025-09-13 00:54:31.930000+00:00,CVX-USDT-SWAP,346180.0,1757724871930
2025-09-13 00:54:31.928000+00:00,DEGEN-USDT-SWAP,294654200.0,1757724871928
2025-09-13 00:54:32.374000+00:00,DOGE-USDT-SWAP,1804112829.999997,1757724872374
2025-09-13 00:54:32.376000+00:00,DOGS-USDT-SWAP,16928511000.0,1757724872376
2025-09-13 00:54:32.401000+00:00,DOOD-USDT-SWAP,232397000.0,1757724872401
2025-09-13 00:54:32.397000+00:00,DOT-USDT-SWAP,6316009.0,1757724872397
2025-09-13 00:54:32.396000+00:00,DUCK-USDT-SWAP,668441300.0,1757724872396
2025-09-13 00:54:32.399000+00:00,DYDX-USDT-SWAP,10481609.0,1757724872399
2025-09-13 00:54:32.388000+00:00,EGLD-USDT-SWAP,112354.3,1757724872388
2025-09-13 00:54:32.387000+00:00,EIGEN-USDT-SWAP,3807641.0,1757724872387
2025-09-13 00:54:32.399000+00:00,ENJ-USDT-SWAP,13462740.0,1757724872399
2025-09-13 00:54:32.387000+00:00,ENS-USDT-SWAP,336079.7,1757724872387
2025-09-13 00:54:32.839000+00:00,ETC-USDT-SWAP,1120782.2000000004,1757724872839
2025-09-13 00:54:32.835000+00:00,ETH-USDT-SWAP,763052.9820000018,1757724872835
2025-09-13 00:54:32.829000+00:00,ETHFI-USDT-SWAP,9635979.0,1757724872829
2025-09-13 00:54:32.829000+00:00,ETHW-USDT-SWAP,1187147.7,1757724872829
2025-09-13 00:54:32.837000+00:00,FARTCOIN-USDT-SWAP,20130572.0,1757724872837
2025-09-13 00:54:32.831000+00:00,FIL-USDT-SWAP,14573591.3,1757724872831
2025-09-13 00:54:32.831000+00:00,FLM-USDT-SWAP,35696120.0,1757724872831
2025-09-13 00:54:32.841000+00:00,FLOKI-USDT-SWAP,40282100000.0,1757724872841
2025-09-13 00:54:32.831000+00:00,FLOW-USDT-SWAP,4858950.0,1757724872831
2025-09-13 00:54:32.862000+00:00,FXS-USDT-SWAP,392202.0,1757724872862
2025-09-13 00:54:33.286000+00:00,GALA-USDT-SWAP,451796860.0,1757724873286
2025-09-13 00:54:33.290000+00:00,GAS-USDT-SWAP,378934.0,1757724873290
2025-09-13 00:54:33.444000+00:00,GLM-USDT-SWAP,2871670.0,1757724873444
2025-09-13 00:54:33.289000+00:00,GMT-USDT-SWAP,45891236.0,1757724873289
2025-09-13 00:54:33.309000+00:00,GMX-USDT-SWAP,61997.9,1757724873309
2025-09-13 00:54:33.299000+00:00,GOAT-USDT-SWAP,32852930.0,1757724873299
2025-09-13 00:54:33.303000+00:00,GODS-USDT-SWAP,6737880.0,1757724873303
2025-09-13 00:54:33.306000+00:00,GPS-USDT-SWAP,147855600.0,1757724873306
2025-09-13 00:54:33.298000+00:00,GRASS-USDT-SWAP,2887153.0,1757724873298
2025-09-13 00:54:33.290000+00:00,GRIFFAIN-USDT-SWAP,23162500.0,1757724873290
2025-09-13 00:54:33.953000+00:00,GRT-USDT-SWAP,25890770.0,1757724873953
2025-09-13 00:54:33.872000+00:00,H-USDT-SWAP,70027900.0,1757724873872
2025-09-13 00:54:33.874000+00:00,HBAR-USDT-SWAP,80268650.00000003,1757724873874
2025-09-13 00:54:33.878000+00:00,HMSTR-USDT-SWAP,1172724400.0,1757724873878
2025-09-13 00:54:33.868000+00:00,HOME-USDT-SWAP,19388800.0,1757724873868
2025-09-13 00:54:33.890000+00:00,HUMA-USDT-SWAP,72096700.0,1757724873890
2025-09-13 00:54:33.885000+00:00,HYPE-USDT-SWAP,1096638.0,1757724873885
2025-09-13 00:54:33.881000+00:00,ICP-USDT-SWAP,1505955.84,1757724873881
2025-09-13 00:54:33.870000+00:00,ICX-USDT-SWAP,5895090.0,1757724873870
2025-09-13 00:54:33.873000+00:00,IMX-USDT-SWAP,7654878.0,1757724873873
2025-09-13 00:54:34.388000+00:00,INIT-USDT-SWAP,3339720.0,1757724874388
2025-09-13 00:54:34.390000+00:00,INJ-USDT-SWAP,899989.3,1757724874390
2025-09-13 00:54:34.379000+00:00,IOST-USDT-SWAP,290388000.0,1757724874379
2025-09-13 00:54:34.390000+00:00,IOTA-USDT-SWAP,16140500.0,1757724874390
2025-09-13 00:54:34.378000+00:00,IP-USDT-SWAP,2359804.0,1757724874378
2025-09-13 00:54:34.389000+00:00,JELLYJELLY-USDT-SWAP,206470200.0,1757724874389
2025-09-13 00:54:34.400000+00:00,JOE-USDT-SWAP,5998170.0,1757724874400
2025-09-13 00:54:34.384000+00:00,JTO-USDT-SWAP,3886471.0,1757724874384
2025-09-13 00:54:34.396000+00:00,JUP-USDT-SWAP,16586350.0,1757724874396
2025-09-13 00:54:34.818000+00:00,KAITO-USDT-SWAP,4825338.0,1757724874818
2025-09-13 00:54:34.823000+00:00,KMNO-USDT-SWAP,31926200.0,1757724874823
2025-09-13 00:54:34.842000+00:00,KSM-USDT-SWAP,132599.1,1757724874842
2025-09-13 00:54:34.830000+00:00,LA-USDT-SWAP,2877180.0,1757724874830
2025-09-13 00:54:34.819000+00:00,LAUNCHCOIN-USDT-SWAP,50220750.0,1757724874819
2025-09-13 00:54:34.826000+00:00,LAYER-USDT-SWAP,6836330.0,1757724874826
2025-09-13 00:54:34.822000+00:00,LDO-USDT-SWAP,15032785.0,1757724874822
2025-09-13 00:54:34.857000+00:00,LINK-USDT-SWAP,2522173.6999999997,1757724874857
2025-09-13 00:54:34.835000+00:00,LPT-USDT-SWAP,750457.5,1757724874835
2025-09-13 00:54:34.826000+00:00,LQTY-USDT-SWAP,1525780.0,1757724874826
2025-09-13 00:54:35.286000+00:00,LRC-USDT-SWAP,18289800.0,1757724875286
2025-09-13 00:54:35.280000+00:00,LTC-USDT-SWAP,701463.1999999998,1757724875280
2025-09-13 00:54:35.303000+00:00,LUNA-USDT-SWAP,15400436.0,1757724875303
2025-09-13 00:54:35.363000+00:00,LUNC-USDT-SWAP,28507210000.0,1757724875363
2025-09-13 00:54:35.292000+00:00,MAGIC-USDT-SWAP,20856000.0,1757724875292
2025-09-13 00:54:35.286000+00:00,MAJOR-USDT-SWAP,4655780.0,1757724875286
2025-09-13 00:54:35.283000+00:00,MANA-USDT-SWAP,10595560.0,1757724875283
2025-09-13 00:54:35.285000+00:00,MASK-USDT-SWAP,3022170.0,1757724875285
2025-09-13 00:54:35.293000+00:00,ME-USDT-SWAP,3656531.0,1757724875293
2025-09-13 00:54:35.306000+00:00,MEME-USDT-SWAP,1785333900.0,1757724875306
2025-09-13 00:54:35.783000+00:00,MERL-USDT-SWAP,45260690.0,1757724875783
2025-09-13 00:54:35.783000+00:00,METIS-USDT-SWAP,104941.1,1757724875783
2025-09-13 00:54:35.796000+00:00,MEW-USDT-SWAP,1040346000.0,1757724875796
2025-09-13 00:54:35.790000+00:00,MINA-USDT-SWAP,7861923.0,1757724875790
2025-09-13 00:54:35.790000+00:00,MOG-USDT-SWAP,677791000000.0,1757724875790
2025-09-13 00:54:35.785000+00:00,MOODENG-USDT-SWAP,78648100.0,1757724875785
2025-09-13 00:54:35.813000+00:00,MORPHO-USDT-SWAP,1573089.0,1757724875813
2025-09-13 00:54:35.789000+00:00,MOVE-USDT-SWAP,25791360.0,1757724875789
2025-09-13 00:54:35.794000+00:00,MUBARAK-USDT-SWAP,12362900.0,1757724875794
2025-09-13 00:54:36.243000+00:00,NEAR-USDT-SWAP,5369663.999999999,1757724876243
2025-09-13 00:54:36.235000+00:00,NEIRO-USDT-SWAP,10306593000.0,1757724876235
2025-09-13 00:54:36.240000+00:00,NEO-USDT-SWAP,354313.0,1757724876240
2025-09-13 00:54:36.245000+00:00,NEWT-USDT-SWAP,2749960.0,1757724876245
2025-09-13 00:54:36.236000+00:00,NMR-USDT-SWAP,462616.4,1757724876236
2025-09-13 00:54:36.270000+00:00,NOT-USDT-SWAP,1624426000.0,1757724876270
2025-09-13 00:54:36.242000+00:00,NXPC-USDT-SWAP,1053714.0,1757724876242
2025-09-13 00:54:36.260000+00:00,OL-USDT-SWAP,85946450.0,1757724876260
2025-09-13 00:54:36.241000+00:00,OM-USDT-SWAP,23280075.0,1757724876241
2025-09-13 00:54:36.876000+00:00,ONDO-USDT-SWAP,23621740.0,1757724876876
2025-09-13 00:54:36.733000+00:00,ONE-USDT-SWAP,87618800.0,1757724876733
2025-09-13 00:54:36.745000+00:00,ONT-USDT-SWAP,10600820.0,1757724876745
2025-09-13 00:54:36.732000+00:00,OP-USDT-SWAP,25048341.0,1757724876732
2025-09-13 00:54:36.730000+00:00,ORBS-USDT-SWAP,28825500.0,1757724876730
2025-09-13 00:54:36.736000+00:00,ORDI-USDT-SWAP,1323879.8,1757724876736
2025-09-13 00:54:36.739000+00:00,PARTI-USDT-SWAP,15147710.0,1757724876739
2025-09-13 00:54:36.738000+00:00,PENGU-USDT-SWAP,687497700.0,1757724876738
2025-09-13 00:54:36.732000+00:00,PEOPLE-USDT-SWAP,355487400.0,1757724876732
2025-09-13 00:54:36.733000+00:00,PEPE-USDT-SWAP,7564644000000.002,1757724876733
2025-09-13 00:54:37.334000+00:00,PERP-USDT-SWAP,3310935.0,1757724877334
2025-09-13 00:54:37.315000+00:00,PI-USDT-SWAP,34578377.0,1757724877315
2025-09-13 00:54:37.312000+00:00,PLUME-USDT-SWAP,19480670.0,1757724877312
2025-09-13 00:54:37.334000+00:00,PNUT-USDT-SWAP,41341850.0,1757724877334
2025-09-13 00:54:37.322000+00:00,POL-USDT-SWAP,37394360.0,1757724877322
2025-09-13 00:54:37.450000+00:00,POPCAT-USDT-SWAP,10357490.0,1757724877450
2025-09-13 00:54:37.312000+00:00,PRCL-USDT-SWAP,18472737.0,1757724877312
2025-09-13 00:54:37.329000+00:00,PROMPT-USDT-SWAP,35224640.0,1757724877329
2025-09-13 00:54:37.333000+00:00,PUMP-USDT-SWAP,6498889000.0,1757724877333
2025-09-13 00:54:37.313000+00:00,PYTH-USDT-SWAP,48522200.0,1757724877313
2025-09-13 00:54:37.870000+00:00,QTUM-USDT-SWAP,1204524.0,1757724877870
2025-09-13 00:54:37.887000+00:00,RAY-USDT-SWAP,1052127.0,1757724877887
2025-09-13 00:54:37.889000+00:00,RENDER-USDT-SWAP,1357295.0,1757724877889
2025-09-13 00:54:37.889000+00:00,RESOLV-USDT-SWAP,23982230.0,1757724877889
2025-09-13 00:54:37.886000+00:00,RSR-USDT-SWAP,261189300.0,1757724877886
2025-09-13 00:54:37.879000+00:00,RVN-USDT-SWAP,73753920.0,1757724877879
2025-09-13 00:54:37.890000+00:00,S-USDT-SWAP,10995070.0,1757724877890
2025-09-13 00:54:37.888000+00:00,SAHARA-USDT-SWAP,41632940.0,1757724877888
2025-09-13 00:54:37.888000+00:00,SAND-USDT-SWAP,18129120.0,1757724877888
2025-09-13 00:54:37.901000+00:00,SATS-USDT-SWAP,211901530000000.0,1757724877901
2025-09-13 00:54:38.334000+00:00,SCR-USDT-SWAP,2848723.0,1757724878334
2025-09-13 00:54:38.348000+00:00,SHELL-USDT-SWAP,5592580.0,1757724878348
2025-09-13 00:54:38.341000+00:00,SHIB-USDT-SWAP,1812779900000.0,1757724878341
2025-09-13 00:54:38.336000+00:00,SIGN-USDT-SWAP,44253200.0,1757724878336
2025-09-13 00:54:38.331000+00:00,SLP-USDT-SWAP,435347210.0,1757724878331
2025-09-13 00:54:38.328000+00:00,SNX-USDT-SWAP,2533992.0,1757724878328
2025-09-13 00:54:38.404000+00:00,SOL-USDT-SWAP,3647162.5900000026,1757724878404
2025-09-13 00:54:38.334000+00:00,SOLV-USDT-SWAP,58143700.0,1757724878334
2025-09-13 00:54:38.357000+00:00,SONIC-USDT-SWAP,8484938.0,1757724878357
2025-09-13 00:54:38.341000+00:00,SOON-USDT-SWAP,8357550.0,1757724878341
2025-09-13 00:54:38.817000+00:00,SOPH-USDT-SWAP,78591600.0,1757724878817
2025-09-13 00:54:38.834000+00:00,SPK-USDT-SWAP,113933400.0,1757724878834
2025-09-13 00:54:38.835000+00:00,SPX-USDT-SWAP,1064486.0,1757724878835
2025-09-13 00:54:38.833000+00:00,SSV-USDT-SWAP,304202.9,1757724878833
2025-09-13 00:54:38.861000+00:00,STORJ-USDT-SWAP,5564480.0,1757724878861
2025-09-13 00:54:38.831000+00:00,STRK-USDT-SWAP,23690108.0,1757724878831
2025-09-13 00:54:38.833000+00:00,STX-USDT-SWAP,6869814.999999999,1757724878833
2025-09-13 00:54:38.835000+00:00,SUI-USDT-SWAP,20456491.0,1757724878835
2025-09-13 00:54:38.847000+00:00,SUSHI-USDT-SWAP,8424251.0,1757724878847
2025-09-13 00:54:38.827000+00:00,SWARMS-USDT-SWAP,91605950.0,1757724878827
2025-09-13 00:54:39.288000+00:00,SYRUP-USDT-SWAP,2782890.0,1757724879288
2025-09-13 00:54:39.277000+00:00,T-USDT-SWAP,43806600.0,1757724879277
2025-09-13 00:54:39.293000+00:00,TAO-USDT-SWAP,14057.31,1757724879293
2025-09-13 00:54:39.290000+00:00,THETA-USDT-SWAP,3031454.0000000005,1757724879290
2025-09-13 00:54:39.279000+00:00,TIA-USDT-SWAP,5321489.0,1757724879279
2025-09-13 00:54:39.284000+00:00,TNSR-USDT-SWAP,8337682.0,1757724879284
2025-09-13 00:54:39.288000+00:00,TON-USDT-SWAP,9085187.0,1757724879288
2025-09-13 00:54:39.293000+00:00,TRB-USDT-SWAP,266510.6,1757724879293
2025-09-13 00:54:39.301000+00:00,TREE-USDT-SWAP,6974272.0,1757724879301
2025-09-13 00:54:39.326000+00:00,TRUMP-USDT-SWAP,5207073.0,1757724879326
2025-09-13 00:54:39.744000+00:00,TRX-USDT-SWAP,93520510.00000006,1757724879744
2025-09-13 00:54:39.752000+00:00,TURBO-USDT-SWAP,962528000.0000002,1757724879752
2025-09-13 00:54:39.768000+00:00,UMA-USDT-SWAP,1470983.5,1757724879768
2025-09-13 00:54:39.766000+00:00,UNI-USDT-SWAP,3522103.0,1757724879766
2025-09-13 00:54:39.749000+00:00,USDC-USDT-SWAP,1070300.0,1757724879749
2025-09-13 00:54:39.755000+00:00,USELESS-USDT-SWAP,10672300.0,1757724879755
2025-09-13 00:54:39.747000+00:00,USTC-USDT-SWAP,113194400.0,1757724879747
2025-09-13 00:54:39.752000+00:00,UXLINK-USDT-SWAP,6521330.0,1757724879752
2025-09-13 00:54:39.763000+00:00,VANA-USDT-SWAP,144629.3,1757724879763
2025-09-13 00:54:39.755000+00:00,VINE-USDT-SWAP,107649530.0,1757724879755
2025-09-13 00:54:40.193000+00:00,VIRTUAL-USDT-SWAP,3617688.0,1757724880193
2025-09-13 00:54:40.193000+00:00,W-USDT-SWAP,52750194.0,1757724880193
2025-09-13 00:54:40.202000+00:00,WAL-USDT-SWAP,2395900.0,1757724880202
2025-09-13 00:54:40.203000+00:00,WCT-USDT-SWAP,9369000.0,1757724880203
2025-09-13 00:54:40.216000+00:00,WIF-USDT-SWAP,16863067.0,1757724880216
2025-09-13 00:54:40.207000+00:00,WLD-USDT-SWAP,33820752.0,1757724880207
2025-09-13 00:54:40.224000+00:00,WLFI-USDT-SWAP,262398000.0,1757724880224
2025-09-13 00:54:40.241000+00:00,WOO-USDT-SWAP,21592230.0,1757724880241
2025-09-13 00:54:40.227000+00:00,XAUT-USDT-SWAP,4875.969,1757724880227
2025-09-13 00:54:40.665000+00:00,XLM-USDT-SWAP,43889510.00000001,1757724880665
2025-09-13 00:54:40.663000+00:00,XPL-USDT-SWAP,7155960.0,1757724880663
2025-09-13 00:54:40.675000+00:00,XRP-USDT-SWAP,92387487.99999997,1757724880675
2025-09-13 00:54:40.666000+00:00,XTZ-USDT-SWAP,4989593.0,1757724880666
2025-09-13 00:54:40.665000+00:00,YFI-USDT-SWAP,376.7001,1757724880665
2025-09-13 00:54:40.663000+00:00,YGG-USDT-SWAP,51247927.0,1757724880663
2025-09-13 00:54:40.761000+00:00,ZENT-USDT-SWAP,165882700.0,1757724880761
2025-09-13 00:54:40.672000+00:00,ZETA-USDT-SWAP,5423120.0,1757724880672
2025-09-13 00:54:40.676000+00:00,ZIL-USDT-SWAP,174166200.0,1757724880676
2025-09-13 00:54:41.169000+00:00,ZK-USDT-SWAP,49315690.0,1757724881169
2025-09-13 00:54:41.176000+00:00,ZRO-USDT-SWAP,1745089.0,1757724881176
2025-09-13 00:54:41.176000+00:00,ZRX-USDT-SWAP,7663980.0,1757724881176
2025-09-13 00:55:41.946000+00:00,1INCH-USDT-SWAP,7704660.0,1757724941946
2025-09-13 00:55:42.053000+00:00,A-USDT-SWAP,11047030.0,1757724942053
2025-09-13 00:55:41.910000+00:00,AAVE-USDT-SWAP,140300.20000000007,1757724941910
2025-09-13 00:55:41.914000+00:00,ACE-USDT-SWAP,2704199.0,1757724941914
2025-09-13 00:55:41.911000+00:00,ACH-USDT-SWAP,86051400.0,1757724941911
2025-09-13 00:55:41.913000+00:00,ACT-USDT-SWAP,94042178.0,1757724941913
2025-09-13 00:55:41.902000+00:00,ADA-USDT-SWAP,89035740.00000003,1757724941902
2025-09-13 00:55:41.934000+00:00,AERO-USDT-SWAP,1802210.0,1757724941934
2025-09-13 00:55:41.908000+00:00,AEVO-USDT-SWAP,15288862.0,1757724941908
2025-09-13 00:55:41.923000+00:00,AGLD-USDT-SWAP,1976551.0,1757724941923
2025-09-13 00:55:42.476000+00:00,AI16Z-USDT-SWAP,52458852.0,1757724942476
2025-09-13 00:55:42.478000+00:00,AIXBT-USDT-SWAP,24211000.0,1757724942478
2025-09-13 00:55:42.474000+00:00,ALGO-USDT-SWAP,27908990.0,1757724942474
2025-09-13 00:55:42.483000+00:00,ANIME-USDT-SWAP,97996130.0,1757724942483
2025-09-13 00:55:42.546000+00:00,APE-USDT-SWAP,8927473.7,1757724942546
2025-09-13 00:55:42.488000+00:00,API3-USDT-SWAP,2687340.0,1757724942488
2025-09-13 00:55:42.478000+00:00,APT-USDT-SWAP,3678904.0,1757724942478
2025-09-13 00:55:42.477000+00:00,AR-USDT-SWAP,514859.5,1757724942477
2025-09-13 00:55:42.485000+00:00,ARB-USDT-SWAP,34437835.999999985,1757724942485
2025-09-13 00:55:42.993000+00:00,ARC-USDT-SWAP,71237980.0,1757724942993
2025-09-13 00:55:42.968000+00:00,ARKM-USDT-SWAP,4481513.0,1757724942968
2025-09-13 00:55:42.993000+00:00,ATH-USDT-SWAP,171183100.0,1757724942993
2025-09-13 00:55:42.980000+00:00,ATOM-USDT-SWAP,2025652.0,1757724942980
2025-09-13 00:55:42.965000+00:00,AUCTION-USDT-SWAP,223365.6,1757724942965
2025-09-13 00:55:42.984000+00:00,AVAAI-USDT-SWAP,77366160.0,1757724942984
2025-09-13 00:55:42.966000+00:00,AVAX-USDT-SWAP,2499855.7999999993,1757724942966
2025-09-13 00:55:42.969000+00:00,AXS-USDT-SWAP,1203622.2,1757724942969
2025-09-13 00:55:42.980000+00:00,BABY-USDT-SWAP,38396490.0,1757724942980
2025-09-13 00:55:42.980000+00:00,BAND-USDT-SWAP,1476808.0,1757724942980
2025-09-13 00:55:43.533000+00:00,BAT-USDT-SWAP,5452940.0,1757724943533
2025-09-13 00:55:43.541000+00:00,BCH-USDT-SWAP,67635.40999999999,1757724943541
2025-09-13 00:55:43.550000+00:00,BERA-USDT-SWAP,2424343.6,1757724943550
2025-09-13 00:55:43.536000+00:00,BICO-USDT-SWAP,7754942.0,1757724943536
2025-09-13 00:55:43.534000+00:00,BIGTIME-USDT-SWAP,40155290.0,1757724943534
2025-09-13 00:55:43.547000+00:00,BIO-USDT-SWAP,63735884.0,1757724943547
2025-09-13 00:55:43.549000+00:00,BLUR-USDT-SWAP,23900550.0,1757724943549
2025-09-13 00:55:43.528000+00:00,BNB-USDT-SWAP,96718.88,1757724943528
2025-09-13 00:55:43.571000+00:00,BNT-USDT-SWAP,708680.0,1757724943571
2025-09-13 00:55:43.544000+00:00,BOME-USDT-SWAP,1454630000.0,1757724943544
2025-09-13 00:55:43.993000+00:00,BONK-USDT-SWAP,629106600000.0,1757724943993
2025-09-13 00:55:44.005000+00:00,BRETT-USDT-SWAP,13490900.0,1757724944005
2025-09-13 00:55:44.003000+00:00,BTC-USDT-SWAP,27558.006700000056,1757724944003
2025-09-13 00:55:44.004000+00:00,CAT-USDT-SWAP,156626300000.0,1757724944004
2025-09-13 00:55:44.006000+00:00,CATI-USDT-SWAP,13862016.0,1757724944006
2025-09-13 00:55:44.006000+00:00,CELO-USDT-SWAP,5064855.0,1757724944006
2025-09-13 00:55:44.013000+00:00,CETUS-USDT-SWAP,21289620.0,1757724944013
2025-09-13 00:55:44.003000+00:00,CFX-USDT-SWAP,71866650.0,1757724944003
2025-09-13 00:55:44.007000+00:00,CHZ-USDT-SWAP,81271910.0,1757724944007
2025-09-13 00:55:44.003000+00:00,COMP-USDT-SWAP,76339.3,1757724944003
2025-09-13 00:55:44.446000+00:00,COOKIE-USDT-SWAP,4367690.0,1757724944446
2025-09-13 00:55:44.448000+00:00,CORE-USDT-SWAP,9926809.0,1757724944448
2025-09-13 00:55:44.456000+00:00,CRO-USDT-SWAP,60276410.0,1757724944456
2025-09-13 00:55:44.465000+00:00,CRV-USDT-SWAP,23611632.0,1757724944465
2025-09-13 00:55:44.444000+00:00,CTC-USDT-SWAP,1696510.0,1757724944444
2025-09-13 00:55:44.445000+00:00,CVC-USDT-SWAP,9132000.0,1757724944445
2025-09-13 00:55:44.451000+00:00,CVX-USDT-SWAP,346175.0,1757724944451
2025-09-13 00:55:44.448000+00:00,DEGEN-USDT-SWAP,294609700.0,1757724944448
2025-09-13 00:55:44.885000+00:00,DOGE-USDT-SWAP,1803449859.999997,1757724944885
2025-09-13 00:55:44.879000+00:00,DOGS-USDT-SWAP,16928157000.0,1757724944879
2025-09-13 00:55:44.910000+00:00,DOOD-USDT-SWAP,234227000.0,1757724944910
2025-09-13 00:55:44.894000+00:00,DOT-USDT-SWAP,6315909.0,1757724944894
2025-09-13 00:55:44.895000+00:00,DUCK-USDT-SWAP,668691400.0,1757724944895
2025-09-13 00:55:44.912000+00:00,DYDX-USDT-SWAP,10491391.0,1757724944912
2025-09-13 00:55:44.898000+00:00,EGLD-USDT-SWAP,112344.1,1757724944898
2025-09-13 00:55:44.882000+00:00,EIGEN-USDT-SWAP,3809156.0,1757724944882
2025-09-13 00:55:44.905000+00:00,ENJ-USDT-SWAP,13462550.0,1757724944905
2025-09-13 00:55:44.888000+00:00,ENS-USDT-SWAP,336052.5,1757724944888
2025-09-13 00:55:45.344000+00:00,ETC-USDT-SWAP,1122480.5000000002,1757724945344
2025-09-13 00:55:45.344000+00:00,ETH-USDT-SWAP,763296.8030000019,1757724945344
2025-09-13 00:55:45.348000+00:00,ETHFI-USDT-SWAP,9644300.0,1757724945348
2025-09-13 00:55:45.338000+00:00,ETHW-USDT-SWAP,1187147.7,1757724945338
2025-09-13 00:55:45.343000+00:00,FARTCOIN-USDT-SWAP,20139946.0,1757724945343
2025-09-13 00:55:45.338000+00:00,FIL-USDT-SWAP,14575697.9,1757724945338
2025-09-13 00:55:45.399000+00:00,FLM-USDT-SWAP,35683580.0,1757724945399
2025-09-13 00:55:45.364000+00:00,FLOKI-USDT-SWAP,40315700000.0,1757724945364
2025-09-13 00:55:45.354000+00:00,FLOW-USDT-SWAP,4861530.0,1757724945354
2025-09-13 00:55:45.351000+00:00,FXS-USDT-SWAP,392202.0,1757724945351
2025-09-13 00:55:45.812000+00:00,GALA-USDT-SWAP,451803960.0,1757724945812
2025-09-13 00:55:45.831000+00:00,GAS-USDT-SWAP,378907.0,1757724945831
2025-09-13 00:55:45.828000+00:00,GLM-USDT-SWAP,2869700.0,1757724945828
2025-09-13 00:55:45.824000+00:00,GMT-USDT-SWAP,45864854.0,1757724945824
2025-09-13 00:55:45.837000+00:00,GMX-USDT-SWAP,61989.2,1757724945837
2025-09-13 00:55:45.835000+00:00,GOAT-USDT-SWAP,32846290.0,1757724945835
2025-09-13 00:55:45.824000+00:00,GODS-USDT-SWAP,6737890.0,1757724945824
2025-09-13 00:55:45.825000+00:00,GPS-USDT-SWAP,147921250.0,1757724945825
2025-09-13 00:55:45.828000+00:00,GRASS-USDT-SWAP,2887316.0,1757724945828
2025-09-13 00:55:45.831000+00:00,GRIFFAIN-USDT-SWAP,23162560.0,1757724945831
2025-09-13 00:55:46.256000+00:00,GRT-USDT-SWAP,25891830.0,1757724946256
2025-09-13 00:55:46.253000+00:00,H-USDT-SWAP,70117000.0,1757724946253
2025-09-13 00:55:46.268000+00:00,HBAR-USDT-SWAP,80238990.00000001,1757724946268
2025-09-13 00:55:46.277000+00:00,HMSTR-USDT-SWAP,1172716400.0,1757724946277
2025-09-13 00:55:46.268000+00:00,HOME-USDT-SWAP,19389000.0,1757724946268
2025-09-13 00:55:46.266000+00:00,HUMA-USDT-SWAP,72065600.0,1757724946266
2025-09-13 00:55:46.397000+00:00,HYPE-USDT-SWAP,1096641.8,1757724946397
2025-09-13 00:55:46.267000+00:00,ICP-USDT-SWAP,1505843.32,1757724946267
2025-09-13 00:55:46.270000+00:00,ICX-USDT-SWAP,5901410.0,1757724946270
2025-09-13 00:55:46.287000+00:00,IMX-USDT-SWAP,7655530.0,1757724946287
2025-09-13 00:55:46.825000+00:00,INIT-USDT-SWAP,3341780.0,1757724946825
2025-09-13 00:55:46.830000+00:00,INJ-USDT-SWAP,899969.0,1757724946830
2025-09-13 00:55:46.822000+00:00,IOST-USDT-SWAP,290441000.0,1757724946822
2025-09-13 00:55:46.814000+00:00,IOTA-USDT-SWAP,16140680.0,1757724946814
2025-09-13 00:55:46.812000+00:00,IP-USDT-SWAP,2360108.0,1757724946812
2025-09-13 00:55:46.826000+00:00,JELLYJELLY-USDT-SWAP,206520200.0,1757724946826
2025-09-13 00:55:46.821000+00:00,JOE-USDT-SWAP,5996490.0,1757724946821
2025-09-13 00:55:46.824000+00:00,JTO-USDT-SWAP,3887397.0,1757724946824
2025-09-13 00:55:46.828000+00:00,JUP-USDT-SWAP,16578770.0,1757724946828
2025-09-13 00:55:47.266000+00:00,KAITO-USDT-SWAP,4819176.0,1757724947266
2025-09-13 00:55:47.283000+00:00,KMNO-USDT-SWAP,31926800.0,1757724947283
2025-09-13 00:55:47.282000+00:00,KSM-USDT-SWAP,132395.8,1757724947282
2025-09-13 00:55:47.267000+00:00,LA-USDT-SWAP,2877620.0,1757724947267
2025-09-13 00:55:47.271000+00:00,LAUNCHCOIN-USDT-SWAP,50226050.0,1757724947271
2025-09-13 00:55:47.281000+00:00,LAYER-USDT-SWAP,6835821.0,1757724947281
2025-09-13 00:55:47.284000+00:00,LDO-USDT-SWAP,15025529.0,1757724947284
2025-09-13 00:55:47.267000+00:00,LINK-USDT-SWAP,2522321.4,1757724947267
2025-09-13 00:55:47.274000+00:00,LPT-USDT-SWAP,750429.8,1757724947274
2025-09-13 00:55:47.281000+00:00,LQTY-USDT-SWAP,1525776.0,1757724947281
2025-09-13 00:55:47.705000+00:00,LRC-USDT-SWAP,18307210.0,1757724947705
2025-09-13 00:55:47.705000+00:00,LTC-USDT-SWAP,700969.9999999998,1757724947705
2025-09-13 00:55:47.715000+00:00,LUNA-USDT-SWAP,15399989.0,1757724947715
2025-09-13 00:55:47.713000+00:00,LUNC-USDT-SWAP,28507200000.0,1757724947713
2025-09-13 00:55:48.146000+00:00,MAGIC-USDT-SWAP,20888648.0,1757724948146
2025-09-13 00:55:47.719000+00:00,MAJOR-USDT-SWAP,4655782.0,1757724947719
2025-09-13 00:55:47.712000+00:00,MANA-USDT-SWAP,10595780.0,1757724947712
2025-09-13 00:55:47.716000+00:00,MASK-USDT-SWAP,3023414.0,1757724947716
2025-09-13 00:55:47.708000+00:00,ME-USDT-SWAP,3656326.0,1757724947708
2025-09-13 00:55:47.733000+00:00,MEME-USDT-SWAP,1783861200.0,1757724947733
2025-09-13 00:55:48.594000+00:00,MERL-USDT-SWAP,45258140.0,1757724948594
2025-09-13 00:55:48.598000+00:00,METIS-USDT-SWAP,104943.8,1757724948598
2025-09-13 00:55:48.599000+00:00,MEW-USDT-SWAP,1040279000.0,1757724948599
2025-09-13 00:55:48.602000+00:00,MINA-USDT-SWAP,7858967.0,1757724948602
2025-09-13 00:55:48.601000+00:00,MOG-USDT-SWAP,677510000000.0,1757724948601
2025-09-13 00:55:48.614000+00:00,MOODENG-USDT-SWAP,78585020.0,1757724948614
2025-09-13 00:55:48.596000+00:00,MORPHO-USDT-SWAP,1572697.0,1757724948596
2025-09-13 00:55:48.600000+00:00,MOVE-USDT-SWAP,25794560.0,1757724948600
2025-09-13 00:55:48.611000+00:00,MUBARAK-USDT-SWAP,12349200.0,1757724948611
2025-09-13 00:55:49.042000+00:00,NEAR-USDT-SWAP,5380076.999999999,1757724949042
2025-09-13 00:55:49.037000+00:00,NEIRO-USDT-SWAP,10333295000.0,1757724949037
2025-09-13 00:55:49.051000+00:00,NEO-USDT-SWAP,354462.0,1757724949051
2025-09-13 00:55:49.053000+00:00,NEWT-USDT-SWAP,2745980.0,1757724949053
2025-09-13 00:55:49.079000+00:00,NMR-USDT-SWAP,461067.7,1757724949079
2025-09-13 00:55:49.046000+00:00,NOT-USDT-SWAP,1625087900.0,1757724949046
2025-09-13 00:55:49.043000+00:00,NXPC-USDT-SWAP,1054328.0,1757724949043
2025-09-13 00:55:49.044000+00:00,OL-USDT-SWAP,85944460.0,1757724949044
2025-09-13 00:55:49.057000+00:00,OM-USDT-SWAP,23274189.0,1757724949057
2025-09-13 00:55:49.498000+00:00,ONDO-USDT-SWAP,23614240.0,1757724949498
2025-09-13 00:55:49.512000+00:00,ONE-USDT-SWAP,87614200.0,1757724949512
2025-09-13 00:55:49.503000+00:00,ONT-USDT-SWAP,10604000.0,1757724949503
2025-09-13 00:55:49.505000+00:00,OP-USDT-SWAP,25050165.0,1757724949505
2025-09-13 00:55:49.508000+00:00,ORBS-USDT-SWAP,28826400.0,1757724949508
2025-09-13 00:55:49.501000+00:00,ORDI-USDT-SWAP,1323574.3,1757724949501
2025-09-13 00:55:49.514000+00:00,PARTI-USDT-SWAP,15186310.0,1757724949514
2025-09-13 00:55:49.506000+00:00,PENGU-USDT-SWAP,687928300.0,1757724949506
2025-09-13 00:55:49.502000+00:00,PEOPLE-USDT-SWAP,355756100.0,1757724949502
2025-09-13 00:55:49.503000+00:00,PEPE-USDT-SWAP,7587338000000.001,1757724949503
2025-09-13 00:55:49.950000+00:00,PERP-USDT-SWAP,3310641.0,1757724949950
2025-09-13 00:55:49.965000+00:00,PI-USDT-SWAP,34564738.0,1757724949965
2025-09-13 00:55:49.978000+00:00,PLUME-USDT-SWAP,19486950.0,1757724949978
2025-09-13 00:55:49.951000+00:00,PNUT-USDT-SWAP,41298880.0,1757724949951
2025-09-13 00:55:49.941000+00:00,POL-USDT-SWAP,37395120.0,1757724949941
2025-09-13 00:55:49.940000+00:00,POPCAT-USDT-SWAP,10368350.0,1757724949940
2025-09-13 00:55:49.967000+00:00,PRCL-USDT-SWAP,18441493.0,1757724949967
2025-09-13 00:55:49.945000+00:00,PROMPT-USDT-SWAP,35231390.0,1757724949945
2025-09-13 00:55:49.948000+00:00,PUMP-USDT-SWAP,6505194000.0,1757724949948
2025-09-13 00:55:49.951000+00:00,PYTH-USDT-SWAP,48562690.0,1757724949951
2025-09-13 00:55:50.401000+00:00,QTUM-USDT-SWAP,1204524.0,1757724950401
2025-09-13 00:55:50.395000+00:00,RAY-USDT-SWAP,1051373.0,1757724950395
2025-09-13 00:55:50.431000+00:00,RENDER-USDT-SWAP,1357242.0,1757724950431
2025-09-13 00:55:50.404000+00:00,RESOLV-USDT-SWAP,23967470.0,1757724950404
2025-09-13 00:55:50.417000+00:00,RSR-USDT-SWAP,261113100.0,1757724950417
2025-09-13 00:55:50.420000+00:00,RVN-USDT-SWAP,73775410.0,1757724950420
2025-09-13 00:55:50.412000+00:00,S-USDT-SWAP,11008660.0,1757724950412
2025-09-13 00:55:50.405000+00:00,SAHARA-USDT-SWAP,41672710.0,1757724950405
2025-09-13 00:55:50.411000+00:00,SAND-USDT-SWAP,18140300.0,1757724950411
2025-09-13 00:55:50.417000+00:00,SATS-USDT-SWAP,212227870000000.0,1757724950417
2025-09-13 00:55:50.855000+00:00,SCR-USDT-SWAP,2848785.0,1757724950855
2025-09-13 00:55:50.862000+00:00,SHELL-USDT-SWAP,5601470.0,1757724950862
2025-09-13 00:55:50.887000+00:00,SHIB-USDT-SWAP,1808760100000.0,1757724950887
2025-09-13 00:55:50.892000+00:00,SIGN-USDT-SWAP,44252900.0,1757724950892
2025-09-13 00:55:50.863000+00:00,SLP-USDT-SWAP,435229840.0,1757724950863
2025-09-13 00:55:50.862000+00:00,SNX-USDT-SWAP,2536259.0,1757724950862
2025-09-13 00:55:50.869000+00:00,SOL-USDT-SWAP,3650037.370000002,1757724950869
2025-09-13 00:55:50.868000+00:00,SOLV-USDT-SWAP,58143700.0,1757724950868
2025-09-13 00:55:50.877000+00:00,SONIC-USDT-SWAP,8484243.0,1757724950877
2025-09-13 00:55:50.876000+00:00,SOON-USDT-SWAP,8345170.0,1757724950876
2025-09-13 00:55:51.333000+00:00,SOPH-USDT-SWAP,78524600.0,1757724951333
2025-09-13 00:55:51.314000+00:00,SPK-USDT-SWAP,113816700.0,1757724951314
2025-09-13 00:55:51.339000+00:00,SPX-USDT-SWAP,1063954.0,1757724951339
2025-09-13 00:55:51.325000+00:00,SSV-USDT-SWAP,303804.7,1757724951325
2025-09-13 00:55:51.323000+00:00,STORJ-USDT-SWAP,5564480.0,1757724951323
2025-09-13 00:55:51.322000+00:00,STRK-USDT-SWAP,23694885.0,1757724951322
2025-09-13 00:55:51.339000+00:00,STX-USDT-SWAP,6868267.999999999,1757724951339
2025-09-13 00:55:51.362000+00:00,SUI-USDT-SWAP,20454899.0,1757724951362
2025-09-13 00:55:51.330000+00:00,SUSHI-USDT-SWAP,8423212.0,1757724951330
2025-09-13 00:55:51.326000+00:00,SWARMS-USDT-SWAP,91559230.0,1757724951326
2025-09-13 00:55:51.809000+00:00,SYRUP-USDT-SWAP,2782240.0,1757724951809
2025-09-13 00:55:51.804000+00:00,T-USDT-SWAP,43806600.0,1757724951804
2025-09-13 00:55:51.814000+00:00,TAO-USDT-SWAP,14056.09,1757724951814
2025-09-13 00:55:51.819000+00:00,THETA-USDT-SWAP,3031436.0000000005,1757724951819
2025-09-13 00:55:51.812000+00:00,TIA-USDT-SWAP,5323527.0,1757724951812
2025-09-13 00:55:51.797000+00:00,TNSR-USDT-SWAP,8338332.0,1757724951797
2025-09-13 00:55:51.810000+00:00,TON-USDT-SWAP,9085578.0,1757724951810
2025-09-13 00:55:51.803000+00:00,TRB-USDT-SWAP,266441.7,1757724951803
2025-09-13 00:55:51.807000+00:00,TREE-USDT-SWAP,6974156.0,1757724951807
2025-09-13 00:55:51.828000+00:00,TRUMP-USDT-SWAP,5210482.1,1757724951828
2025-09-13 00:55:52.243000+00:00,TRX-USDT-SWAP,93520170.00000006,1757724952243
2025-09-13 00:55:52.246000+00:00,TURBO-USDT-SWAP,962927000.0000001,1757724952246
2025-09-13 00:55:52.259000+00:00,UMA-USDT-SWAP,1470870.4,1757724952259
2025-09-13 00:55:52.263000+00:00,UNI-USDT-SWAP,3545482.0,1757724952263
2025-09-13 00:55:52.252000+00:00,USDC-USDT-SWAP,1070300.0,1757724952252
2025-09-13 00:55:52.258000+00:00,USELESS-USDT-SWAP,10663050.0,1757724952258
2025-09-13 00:55:52.250000+00:00,USTC-USDT-SWAP,113195500.0,1757724952250
2025-09-13 00:55:52.276000+00:00,UXLINK-USDT-SWAP,6536610.0,1757724952276
2025-09-13 00:55:52.272000+00:00,VANA-USDT-SWAP,144628.6,1757724952272
2025-09-13 00:55:52.271000+00:00,VINE-USDT-SWAP,107651960.0,1757724952271
2025-09-13 00:55:52.709000+00:00,VIRTUAL-USDT-SWAP,3617894.0,1757724952709
2025-09-13 00:55:52.704000+00:00,W-USDT-SWAP,52875225.0,1757724952704
2025-09-13 00:55:52.713000+00:00,WAL-USDT-SWAP,2398160.0,1757724952713
2025-09-13 00:55:52.709000+00:00,WCT-USDT-SWAP,9364630.0,1757724952709
2025-09-13 00:55:52.707000+00:00,WIF-USDT-SWAP,16885457.0,1757724952707
2025-09-13 00:55:52.712000+00:00,WLD-USDT-SWAP,33823775.0,1757724952712
2025-09-13 00:55:52.700000+00:00,WLFI-USDT-SWAP,262355640.0,1757724952700
2025-09-13 00:55:52.701000+00:00,WOO-USDT-SWAP,21590760.0,1757724952701
2025-09-13 00:55:52.715000+00:00,XAUT-USDT-SWAP,4876.607,1757724952715
2025-09-13 00:55:53.165000+00:00,XLM-USDT-SWAP,43896010.000000015,1757724953165
2025-09-13 00:55:53.155000+00:00,XPL-USDT-SWAP,7144840.0,1757724953155
2025-09-13 00:55:53.142000+00:00,XRP-USDT-SWAP,92380557.99999997,1757724953142
2025-09-13 00:55:53.159000+00:00,XTZ-USDT-SWAP,4989502.0,1757724953159
2025-09-13 00:55:53.143000+00:00,YFI-USDT-SWAP,376.9118,1757724953143
2025-09-13 00:55:53.145000+00:00,YGG-USDT-SWAP,51347317.0,1757724953145
2025-09-13 00:55:53.149000+00:00,ZENT-USDT-SWAP,165828700.0,1757724953149
2025-09-13 00:55:53.136000+00:00,ZETA-USDT-SWAP,5423120.0,1757724953136
2025-09-13 00:55:53.166000+00:00,ZIL-USDT-SWAP,174057700.0,1757724953166
2025-09-13 00:55:53.585000+00:00,ZK-USDT-SWAP,49313260.0,1757724953585
2025-09-13 00:55:53.577000+00:00,ZRO-USDT-SWAP,1744722.0,1757724953577
2025-09-13 00:55:53.724000+00:00,ZRX-USDT-SWAP,7666930.0,1757724953724
